Company,Job ID,Title,Location,URL,Content,Published At
Credit Karma,4427902003,Backend Software Engineer - All Levels,"Charlotte, NC",https://boards.greenhouse.io/creditkarma/jobs/4427902003,,
Credit Karma,5842276003,Senior Software Engineer - (Fullstack),"Charlotte, NC",https://boards.greenhouse.io/creditkarma/jobs/5842276003,,
Credit Karma,6326813003,Senior Software Site Reliability Engineer,"Charlotte, NC",https://boards.greenhouse.io/creditkarma/jobs/6326813003,,
Credit Karma,6321634003,Senior Software Site Reliability Engineer,"Oakland, CA",https://boards.greenhouse.io/creditkarma/jobs/6321634003,,
Block,4508287008,"Backend Software Engineer, Remittances","New York, NY, United States of America",http://block.xyz/careers/jobs/4508287008?gh_jid=4508287008,,
Block,4488855008,"Senior Business Intelligence Engineer, 3PR","Bay Area, CA, United States of America",http://block.xyz/careers/jobs/4488855008?gh_jid=4488855008,,
Block,4488853008,"Senior Business Intelligence Engineer, Financial Platform","Bay Area, CA, United States of America",http://block.xyz/careers/jobs/4488853008?gh_jid=4488853008,,
Block,4427552008,"Senior Software Engineer, Automation and Tooling","New York, NY, United States of America",http://block.xyz/careers/jobs/4427552008?gh_jid=4427552008,,
Block,4255418008,"Senior Software Engineer, Financial Platform (Bank Rails)","Bay Area, CA, United States of America",http://block.xyz/careers/jobs/4255418008?gh_jid=4255418008,,
Block,4129609008,"Senior Software Security Engineer, Product","Bay Area, CA, United States of America",http://block.xyz/careers/jobs/4129609008?gh_jid=4129609008,,
Block,4417572008,"Software Engineer, Cash App Business","New York, NY, United States of America",http://block.xyz/careers/jobs/4417572008?gh_jid=4417572008,,
Block,4325976008,"Senior Machine Learning Engineer, Access & Safeguards","Bay Area, CA, United States of America",http://block.xyz/careers/jobs/4325976008?gh_jid=4325976008,,
Block,4325958008,Senior Machine Learning Engineer - Banking,"San Francisco, CA, United States of America",http://block.xyz/careers/jobs/4325958008?gh_jid=4325958008,,
Block,4325982008,Senior Machine Learning Engineer - Identity,"San Francisco, CA, United States of America",http://block.xyz/careers/jobs/4325982008?gh_jid=4325982008,,
Block,4325504008,"Senior Machine Learning Engineer, Modeling - Risk","Bay Area, CA, United States of America",http://block.xyz/careers/jobs/4325504008?gh_jid=4325504008,,
Block,4496562008,"Senior Software Engineer, Trust (Access, Identity, Authentication)","Bay Area, CA, United States of America",http://block.xyz/careers/jobs/4496562008?gh_jid=4496562008,,
Block,4255429008,"Senior Software Engineer, Trust (Transfers)","Bay Area, CA, United States of America",http://block.xyz/careers/jobs/4255429008?gh_jid=4255429008,,
Block,4490990008,"Software Engineer, Commerce Consumer Experience","Bay Area, CA, United States of America",http://block.xyz/careers/jobs/4490990008?gh_jid=4490990008,,
Block,4415426008,"Software Engineer, Commerce Consumer Experience","Seattle, WA, United States of America",http://block.xyz/careers/jobs/4415426008?gh_jid=4415426008,,
Block,4128451008,"Software Engineer, Merchant Experience","Bay Area, CA, United States of America",http://block.xyz/careers/jobs/4128451008?gh_jid=4128451008,,
Block,4129762008,"Software Engineer, Shopping","Bay Area, CA, United States of America",http://block.xyz/careers/jobs/4129762008?gh_jid=4129762008,,
Block,4134580008,"Software Engineer, Shopping","Portland, OR, United States of America",http://block.xyz/careers/jobs/4134580008?gh_jid=4134580008,,
Block,4413900008,"Senior Data Engineer, Compliance Engineering","Oakland, CA, United States of America",http://block.xyz/careers/jobs/4413900008?gh_jid=4413900008,,
Block,4408046008,"Senior Software Engineer, Bitcoin Compliance","Bay Area, CA, United States of America",http://block.xyz/careers/jobs/4408046008?gh_jid=4408046008,,
Block,4178371008,"Senior Machine Learning Engineer, Financial Crimes, Block","San Francisco, CA, United States of America",http://block.xyz/careers/jobs/4178371008?gh_jid=4178371008,,
Block,4128643008,"Senior Machine Learning Engineer, Financial Crimes, Cash App","San Francisco, CA, United States of America",http://block.xyz/careers/jobs/4128643008?gh_jid=4128643008,,
Block,4253295008,"Senior ML Engineer, Financial Crimes, Cash App","San Francisco, CA, United States of America",http://block.xyz/careers/jobs/4253295008?gh_jid=4253295008,,
Block,4485405008,"Senior Software Engineer, GraphQL","Bay Area, CA, United States of America",http://block.xyz/careers/jobs/4485405008?gh_jid=4485405008,,
Block,4485925008,"Senior Build Engineer, Developer Tools","San Francisco, CA, United States of America",http://block.xyz/careers/jobs/4485925008?gh_jid=4485925008,,
Block,4128787008,Coupa Systems Engineer,"San Francisco, CA, United States of America",http://block.xyz/careers/jobs/4128787008?gh_jid=4128787008,,
Block,4128715008,Integrations Engineer,"Bay Area, CA, United States of America",http://block.xyz/careers/jobs/4128715008?gh_jid=4128715008,,
Block,4182036008,"Senior Software Engineer, DevOps","Bay Area, CA, United States of America",http://block.xyz/careers/jobs/4182036008?gh_jid=4182036008,,
Block,4517976008,"Senior Systems Engineer, Procurement Technology","Seattle, WA, United States of America",http://block.xyz/careers/jobs/4517976008?gh_jid=4517976008,,
Block,4517975008,"Senior Systems Engineer, Procurement Technology","New York, NY, United States of America",http://block.xyz/careers/jobs/4517975008?gh_jid=4517975008,,
Block,4141012008,"Senior Systems Engineer, Procurement Technology","San Francisco, CA, United States of America",http://block.xyz/careers/jobs/4141012008?gh_jid=4141012008,,
Block,4492687008,Automation Engineer,"Chicago, IL, United States of America",http://block.xyz/careers/jobs/4492687008?gh_jid=4492687008,,
Block,4501434008,"Senior Security Engineer, Offensive Security","Bay Area, CA, United States of America",http://block.xyz/careers/jobs/4501434008?gh_jid=4501434008,,
Block,4251924008,"Infrastructure Engineer - PubSub, Cash App","Bay Area, CA, United States of America",http://block.xyz/careers/jobs/4251924008?gh_jid=4251924008,,
Block,4182495008,"Senior Software Engineer, Platform Automation","Bay Area, CA, United States of America",http://block.xyz/careers/jobs/4182495008?gh_jid=4182495008,,
Block,4417760008,"Software Engineer (Backend), Buyer Foundations","Bay Area, CA, United States of America",http://block.xyz/careers/jobs/4417760008?gh_jid=4417760008,,
Block,4180840008,"Software Engineer, Orders Core","Los Angeles, CA, United States of America",http://block.xyz/careers/jobs/4180840008?gh_jid=4180840008,,
Coinbase,6346484,Data Analyst,Remote - USA,https://www.coinbase.com/careers/positions/6346484?gh_jid=6346484,,
Coinbase,6258857,Data Analyst,Remote - USA,https://www.coinbase.com/careers/positions/6258857?gh_jid=6258857,,
Coinbase,6119410,Senior Analytics Engineer,Remote - USA,https://www.coinbase.com/careers/positions/6119410?gh_jid=6119410,,
Coinbase,5948797,"Senior Software Engineer, Backend (Developer - Onchain Payments)",Remote - USA,https://www.coinbase.com/careers/positions/5948797?gh_jid=5948797,,
Coinbase,5961013,"Senior Software Engineer, Fullstack (Developer - CDP API)",Remote - USA,https://www.coinbase.com/careers/positions/5961013?gh_jid=5961013,,
Coinbase,5952674,"Senior Software Engineer, Smart Contract (Developer - Onchain Payments)",Remote - USA,https://www.coinbase.com/careers/positions/5952674?gh_jid=5952674,,
Coinbase,6535338,"Senior Software Engineer, Backend (Consumer - Coinbase Card)",Remote - USA,https://www.coinbase.com/careers/positions/6535338?gh_jid=6535338,,
Coinbase,5948807,"Senior Software Engineer, Backend - Consumer Products",Remote - USA,https://www.coinbase.com/careers/positions/5948807?gh_jid=5948807,,
Coinbase,6539959,"Senior Software Engineer, Backend (Institutional - Exchange)",Remote - USA,https://www.coinbase.com/careers/positions/6539959?gh_jid=6539959,,
Coinbase,6249394,"Senior Software Engineer, Backend (Institutional - Prime)",Remote - USA,https://www.coinbase.com/careers/positions/6249394?gh_jid=6249394,,
Coinbase,5948179,"Senior Software Engineer, Backend - Platform",Remote - USA,https://www.coinbase.com/careers/positions/5948179?gh_jid=5948179,,
Coinbase,6263624,"Senior Software Engineer, Backend - Platform (Infra Core Reliability Team)",Remote - USA,https://www.coinbase.com/careers/positions/6263624?gh_jid=6263624,,
Coinbase,6276169,Senior Software Engineer (Consumer - Growth & App Infra - Growth Foundations),Remote - USA,https://www.coinbase.com/careers/positions/6276169?gh_jid=6276169,,
Coinbase,6159789,"Senior Software Engineer, Data Platform",Remote - USA,https://www.coinbase.com/careers/positions/6159789?gh_jid=6159789,,
Coinbase,6493886,"Software Engineer, Backend - (Blockchain Platform Wallet Team)",Remote - USA,https://www.coinbase.com/careers/positions/6493886?gh_jid=6493886,,
Coinbase,6535287,"Software Engineer, Backend  (Consumer - Coinbase Card)",Remote - USA,https://www.coinbase.com/careers/positions/6535287?gh_jid=6535287,,
Coinbase,5948499,"Software Engineer, Backend - Consumer Products",Remote - USA,https://www.coinbase.com/careers/positions/5948499?gh_jid=5948499,,
Coinbase,5948501,"Software Engineer, Backend (Consumer - Stablecoin)",Remote - USA,https://www.coinbase.com/careers/positions/5948501?gh_jid=5948501,,
Coinbase,6615718,"Software Engineer, Backend (Institutional - Foundations)",Remote - USA,https://www.coinbase.com/careers/positions/6615718?gh_jid=6615718,,
Coinbase,5963361,"Software Engineer, Backend (Institutional - Prime)",Remote - USA,https://www.coinbase.com/careers/positions/5963361?gh_jid=5963361,,
Coinbase,5948429,"Software Engineer, Backend - Platform",Remote - USA,https://www.coinbase.com/careers/positions/5948429?gh_jid=5948429,,
Coinbase,6322902,"Senior Software Engineer, Data Platform",Remote - USA,https://www.coinbase.com/careers/positions/6322902?gh_jid=6322902,,
Coinbase,5954116,Senior Site Reliability Engineer - Platform,Remote - USA,https://www.coinbase.com/careers/positions/5954116?gh_jid=5954116,,
Coinbase,6206378,"Senior Software Engineer, Infrastructure (Backend Platform)",Remote - USA,https://www.coinbase.com/careers/positions/6206378?gh_jid=6206378,,
Coinbase,6583005,"Senior Software Engineer, Infrastructure (Networking)",Remote - USA,https://www.coinbase.com/careers/positions/6583005?gh_jid=6583005,,
Coinbase,6157570,"Senior Software Engineer, Infrastructure - Platform (Compute)",Remote - USA,https://www.coinbase.com/careers/positions/6157570?gh_jid=6157570,,
Coinbase,6196407,"Senior Software Engineer, Infrastructure - Platform (Datastores)",Remote - USA,https://www.coinbase.com/careers/positions/6196407?gh_jid=6196407,,
Coinbase,5949636,"Software Engineer, Infrastructure (Developer Experience - Cloud Provisioning)",Remote - USA,https://www.coinbase.com/careers/positions/5949636?gh_jid=5949636,,
Coinbase,6423028,"Software Engineer, Infrastructure (Developer Experience - Release)",Remote - USA,https://www.coinbase.com/careers/positions/6423028?gh_jid=6423028,,
Coinbase,6394718,Software Engineer,Remote - USA,https://www.coinbase.com/careers/positions/6394718?gh_jid=6394718,,
Coinbase,6447420,Software Engineer,Remote - USA,https://www.coinbase.com/careers/positions/6447420?gh_jid=6447420,,
Coinbase,6202747,"Senior Software  Engineer, Backend - Consumer Products",Remote - USA,https://www.coinbase.com/careers/positions/6202747?gh_jid=6202747,,
Coinbase,6535377,"Software Engineer, Backend - Consumer Products",Remote - USA,https://www.coinbase.com/careers/positions/6535377?gh_jid=6535377,,
Coinbase,6578338,Senior Software Engineer,Remote - USA,https://www.coinbase.com/careers/positions/6578338?gh_jid=6578338,,
Coinbase,6578343,"Software Engineer, Full Stack",Remote - USA,https://www.coinbase.com/careers/positions/6578343?gh_jid=6578343,,
Coinbase,6541258,"Software Engineer, Salesforce Platform",Remote - USA,https://www.coinbase.com/careers/positions/6541258?gh_jid=6541258,,
Coinbase,6593450,Systems Engineer,Remote - USA,https://www.coinbase.com/careers/positions/6593450?gh_jid=6593450,,
Coinbase,5870315,"Senior Financial Analyst, Base & Developer",Remote - USA,https://www.coinbase.com/careers/positions/5870315?gh_jid=5870315,,
Coinbase,4940958,"Software Engineer, Emerging Talent",Remote - USA,https://www.coinbase.com/careers/positions/4940958?gh_jid=4940958,,
Coinbase,6001649,Machine Learning Engineer - Platform,Remote - USA,https://www.coinbase.com/careers/positions/6001649?gh_jid=6001649,,
Coinbase,5951315,Senior Machine Learning Engineer - Platform,Remote - USA,https://www.coinbase.com/careers/positions/5951315?gh_jid=5951315,,
Point72,7825296002,Data Loss Prevention EngineerNew,"New York, NY",https://job-boards.greenhouse.io/point72/jobs/7825296002?gh_src=caca3a982us,,
Point72,7825291002,"IT Operations Engineer, Data Center TechnologyNew",United States,https://job-boards.greenhouse.io/point72/jobs/7825291002?gh_src=caca3a982us,,
Point72,7834200002,"IT Operations Engineer, End User Computing (Executive Support)","New York, NY",https://job-boards.greenhouse.io/point72/jobs/7834200002?gh_src=caca3a982us,,
Point72,7825251002,"Quant Library Developer, Macro TechnologyNew",United States,https://job-boards.greenhouse.io/point72/jobs/7825251002?gh_src=caca3a982us,,
Point72,7825259002,"Quant Services Developer, Macro TechnologyNew",New York,https://job-boards.greenhouse.io/point72/jobs/7825259002?gh_src=caca3a982us,,
Point72,7825267002,"Site Reliability Engineer, Macro Technology","New York, NY; Stamford, CT",https://job-boards.greenhouse.io/point72/jobs/7825267002?gh_src=caca3a982us,,
Point72,7698130002,"Site Reliability Engineer, Technology","New York, NY",https://job-boards.greenhouse.io/point72/jobs/7698130002?gh_src=caca3a982us,,
Point72,7569095002,"Software Engineer, Macro Front Office Technology",New York,https://job-boards.greenhouse.io/point72/jobs/7569095002?gh_src=caca3a982us,,
Point72,7821332002,"Software Engineer, Macro Middle Office Technology",United States,https://job-boards.greenhouse.io/point72/jobs/7821332002?gh_src=caca3a982us,,
Point72,7703834002,"Software Engineer, Macro Technology",New York,https://job-boards.greenhouse.io/point72/jobs/7703834002?gh_src=caca3a982us,,
Point72,7585736002,"System Engineer, End User Technology","New York, United States",https://job-boards.greenhouse.io/point72/jobs/7585736002?gh_src=caca3a982us,,
Point72,7825289002,"System Engineer, VMware TechnologyNew","New York, NY",https://job-boards.greenhouse.io/point72/jobs/7825289002?gh_src=caca3a982us,,
Point72,7825288002,"System Engineer, Windows TechnologyNew","New York, NY",https://job-boards.greenhouse.io/point72/jobs/7825288002?gh_src=caca3a982us,,
Point72,7825252002,"UI Developer, Macro Front Office Technology","New York, NY; Stamford, CT",https://job-boards.greenhouse.io/point72/jobs/7825252002?gh_src=caca3a982us,,
Robinhood,6574173,Data Solutions & Analytics Senior Analyst,"Chicago, IL · Denver, Colorado, United States · Lake Mary, FL · Westlake, TX",https://boards.greenhouse.io/robinhood/jobs/6574173?t=gh_src=?gh_jid=6574173,,
Robinhood,6417862,Senior Oracle Technical Engineer,"Lake Mary, FL, Menlo Park, CA, Westlake, TX",https://boards.greenhouse.io/robinhood/jobs/6417862?t=gh_src=?gh_jid=6417862,,
Robinhood,6478469,Software Engineer,"Menlo Park, CA",https://boards.greenhouse.io/robinhood/jobs/6478469?t=gh_src=?gh_jid=6478469,,
Robinhood,6545474,"Senior Data Engineer, Experimentation","Menlo Park, CA",https://boards.greenhouse.io/robinhood/jobs/6545474?t=gh_src=?gh_jid=6545474,,
Robinhood,6368609,"Senior Full Stack Software Engineer, Agentic AI","Menlo Park, CA",https://boards.greenhouse.io/robinhood/jobs/6368609?t=gh_src=?gh_jid=6368609,,
Robinhood,6468856,"Senior Software Engineer, Agentic AI","Menlo Park, CA",https://boards.greenhouse.io/robinhood/jobs/6468856?t=gh_src=?gh_jid=6468856,,
Robinhood,6399526,"Senior Software Engineer, Streaming Platform","Menlo Park, CA; New York City, NY; Bellevue, WA",https://boards.greenhouse.io/robinhood/jobs/6399526?t=gh_src=?gh_jid=6399526,,
Robinhood,6023703,"Software Engineer, Experimentation Platform (Full Stack)","Menlo Park, CA; Bellevue, WA; New York, NY",https://boards.greenhouse.io/robinhood/jobs/6023703?t=gh_src=?gh_jid=6023703,,
Robinhood,6567560,"Senior Software Engineer, Reliability","Menlo Park, CA; Bellevue, WA",https://boards.greenhouse.io/robinhood/jobs/6567560?t=gh_src=?gh_jid=6567560,,
Robinhood,6320066,"Senior Software Engineer, Credit Cards","Menlo Park, CA; New York, New York",https://boards.greenhouse.io/robinhood/jobs/6320066?t=gh_src=?gh_jid=6320066,,
Robinhood,6494266,"Senior Software Platform, Robinhood Money","Menlo Park, CA; New York, NY",https://boards.greenhouse.io/robinhood/jobs/6494266?t=gh_src=?gh_jid=6494266,,
Robinhood,6500044,"Software Engineer, Credit Cards & Banking","Bellevue, WA; Menlo Park, CA; New York, NY",https://boards.greenhouse.io/robinhood/jobs/6500044?t=gh_src=?gh_jid=6500044,,
Robinhood,6344967,"Software Platform, Money","Menlo Park, CA; New York, NY",https://boards.greenhouse.io/robinhood/jobs/6344967?t=gh_src=?gh_jid=6344967,,
Spotter,4525242005,Senior Front End EngineerNew,"Culver City, California, United States",https://job-boards.greenhouse.io/spotter/jobs/4525242005,,
Spotter,4404606005,Senior Backend API Software Engineer,"Culver City, California, United States",https://job-boards.greenhouse.io/spotter/jobs/4404606005,,
Stripe,6526448,"Integration Engineer, Professional Services","Chicago, IL, USA",https://stripe.com/jobs/search?gh_jid=6526448,,
Stripe,6042172,Software Engineer - Infrastructure,US,https://stripe.com/jobs/search?gh_jid=6042172,,
Stripe,6392393,"Software Engineer, Data Processing Infra","Seattle, Remote in the US or Canada",https://stripe.com/jobs/search?gh_jid=6392393,,
Stripe,6565444,"Software Engineer, Experimental Projects",US,https://stripe.com/jobs/search?gh_jid=6565444,,
Stripe,6493922,"Data Analyst, New Grad","Toronto, Ontario, Canada and Chicago, Illinois, United States",https://stripe.com/jobs/search?gh_jid=6493922,,
Stripe,6261368,"Backend/API Engineer, User Billing",South San Francisco,https://stripe.com/jobs/search?gh_jid=6261368,,
Stripe,6163230,Backend/API Engineer - Payments & Risk,US,https://stripe.com/jobs/search?gh_jid=6163230,,
Stripe,5183063,Frontend Engineer - Optimized Checkout & Link,"NYC, Chicago, SF, Seattle and US Remote",https://stripe.com/jobs/search?gh_jid=5183063,,
Stripe,5478263,"Frontend Engineer - Payments, Optimized Checkout and Link","NYC, SF, Seattle, Chicago, US Remote",https://stripe.com/jobs/search?gh_jid=5478263,,
Stripe,6243696,"Full Stack Engineer, Revenue Recognition",US Locations,https://stripe.com/jobs/search?gh_jid=6243696,,
Ripple,6614306,"Frontend Software Engineer Intern, Stablecoin (Summer 2025)","New York, NY, United States",https://ripple.com/careers/all-jobs/job/6614306?gh_jid=6614306,,
Ripple,6614176,Information Security Engineer Intern (Summer 2025),"San Francisco, CA, United States",https://ripple.com/careers/all-jobs/job/6614176?gh_jid=6614176,,
Ripple,6352726,Senior Security Engineer,"San Francisco, CA, United States",https://ripple.com/careers/all-jobs/job/6352726?gh_jid=6352726,,
Ripple,6437437,"Senior Software Engineer, C++","San Francisco, CA, United States",https://ripple.com/careers/all-jobs/job/6437437?gh_jid=6437437,,
Ripple,6437449,"Senior Software Engineer, C++","New York, NY, United States",https://ripple.com/careers/all-jobs/job/6437449?gh_jid=6437449,,
Ripple,6489019,"Senior Software Engineer, Compliance Engineering","New York, NY, United States",https://ripple.com/careers/all-jobs/job/6489019?gh_jid=6489019,,
Ripple,6593877,"Senior Software Engineer, Compliance Engineering","New York, NY, United States",https://ripple.com/careers/all-jobs/job/6593877?gh_jid=6593877,,
Ripple,6589996,"Senior Software Engineer, Data Platform","San Francisco, CA, United States",https://ripple.com/careers/all-jobs/job/6589996?gh_jid=6589996,,
Ripple,6593845,"Software Engineer II, Compliance Engineering","New York, NY, United States",https://ripple.com/careers/all-jobs/job/6593845?gh_jid=6593845,,
Ripple,6614155,"Software Engineer Intern, Stablecoin (Summer 2025)","New York, NY, United States",https://ripple.com/careers/all-jobs/job/6614155?gh_jid=6614155,,
Sofi,6335231003,Senior Full Stack Software Engineer,UT - Cottonwood Heights; MT - Helena,https://sofi.com/careers/job/6335231003?gh_jid=6335231003,,
Sofi,6325140003,"Senior Software Engineer, AML Platform",CA - San Francisco; MT - Helena; NY - New York City; WA - Seattle,https://sofi.com/careers/job/6325140003?gh_jid=6325140003,,
Sofi,6335227003,"Senior Software Engineer, Borrow",WA - Seattle; UT - Cottonwood Heights,https://sofi.com/careers/job/6335227003?gh_jid=6335227003,,
Sofi,6336263003,"Senior Software Engineer, Chat",CA - San Francisco HQ,https://sofi.com/careers/job/6336263003?gh_jid=6336263003,,
Sofi,6329756003,"Senior Software Engineer, Compute Services",UT - Cottonwood Heights; WA - Seattle; CA - San Francisco,https://sofi.com/careers/job/6329756003?gh_jid=6329756003,,
Sofi,6356000003,"Senior Software Engineer, Invest",WA - Seattle,https://sofi.com/careers/job/6356000003?gh_jid=6356000003,,
Sofi,6324901003,"Senior Software Engineer, Member Access and Safety",CA - San Francisco; WA - Seattle,https://sofi.com/careers/job/6324901003?gh_jid=6324901003,,
Sofi,6336285003,"Senior Software Engineer, Money",NY - New York City,https://sofi.com/careers/job/6336285003?gh_jid=6336285003,,
Sofi,6354907003,"Senior Software Engineer, Relay",WA - Seattle,https://sofi.com/careers/job/6354907003?gh_jid=6354907003,,
Sofi,6307258003,Senior Product Security Engineer,TX - Frisco,https://sofi.com/careers/job/6307258003?gh_jid=6307258003,,
Sofi,6347903003,"Senior Software Engineer, Builder Tools","CA - San Francisco, WA - Seattle",https://sofi.com/careers/job/6347903003?gh_jid=6347903003,,
Sofi,6352796003,Treasury Market Risk Data Analytics Associate,NY - New York City - 860 Washington St,https://sofi.com/careers/job/6352796003?gh_jid=6352796003,,
Human Interest,6438324,"Senior Software Engineer, Experiences","United States, Remote",https://job-boards.greenhouse.io/humaninterest/jobs/6438324,,
Human Interest,6352574,Senior Software Engineer II,"United States, Remote",https://job-boards.greenhouse.io/humaninterest/jobs/6352574,,
Human Interest,6310520,"Software Engineer, Full Stack (Portfolio Management)","United States, Remote",https://job-boards.greenhouse.io/humaninterest/jobs/6310520,,
Human Interest,6575616,"Software Engineer II, Backend (RecordKeeper Core)","United States, Remote",https://job-boards.greenhouse.io/humaninterest/jobs/6575616,,
Human Interest,6430539,"Software Engineer II, Full Stack (Financial Engines)","United States, Remote",https://job-boards.greenhouse.io/humaninterest/jobs/6430539,,
Human Interest,6303068,"Staff Engineer, Financial Engines","United States, Remote",https://job-boards.greenhouse.io/humaninterest/jobs/6303068,,
Carta,6276578003,"Senior Full Stack Software Engineer, Financial Products and Infrastructure","Waterloo, Ontario, Canada",https://job-boards.greenhouse.io/carta/jobs/6276578003,,
Carta,6278479003,"Senior Full Stack Software Engineer, Financial Products and Infrastructure","Seattle, WA",https://job-boards.greenhouse.io/carta/jobs/6278479003,,
Carta,6284386003,Senior Software Engineer II,"San Francisco, California; Santa Clara, California",https://job-boards.greenhouse.io/carta/jobs/6284386003,,
Carta,6101920003,"Software Engineer, Financial Products and Infrastructure","San Francisco, California; Santa Clara, California",https://job-boards.greenhouse.io/carta/jobs/6101920003,,
Carta,6251527003,"Senior Site Reliability Engineer, Networking","Seattle, WA",https://job-boards.greenhouse.io/carta/jobs/6251527003,,
NerdWallet,6420042,Front End Engineer (Contract),United States,http://www.nerdwallet.com/careers/job/6420042?gh_jid=6420042,,
NerdWallet,6420044,Front End Engineer (Contractor),Canada,http://www.nerdwallet.com/careers/job/6420044?gh_jid=6420044,,
Propel,4371594002,Senior Full Stack Engineer,Brooklyn or US Remote,https://job-boards.greenhouse.io/propel/jobs/4371594002,,
Propel,7282044002,Senior Product Data Scientist,Brooklyn or US Remote,https://job-boards.greenhouse.io/propel/jobs/7282044002,,
Hudson River Trading,96224,Algo Developer,"New York, NY, United States",https://boards.greenhouse.io/wehrtyou/jobs/96224,,
Hudson River Trading,6139135,Algorithm Developer (Quant Researcher) – 2025 Grads,"New York, NY, United States",https://boards.greenhouse.io/wehrtyou/jobs/6139135,,
Hudson River Trading,6166374,Algorithm Developer (Quant Researcher) – 2025 PhDs,"New York, NY, United States",https://boards.greenhouse.io/wehrtyou/jobs/6166374,,
Hudson River Trading,6139130,Software Engineer (C++) – 2025 Grads,"New York, NY, United States",https://boards.greenhouse.io/wehrtyou/jobs/6139130,,
Hudson River Trading,6139035,Software Engineering Internship – Summer 2025,"New York, NY, United States",https://boards.greenhouse.io/wehrtyou/jobs/6139035,,
Hudson River Trading,6343072,Software Engineer - Treasury Infrastructure,"Austin, TX, United States",https://boards.greenhouse.io/wehrtyou/jobs/6343072,,
Hudson River Trading,6331789,Software Engineer - Treasury Infrastructure,"New York, NY, United States",https://boards.greenhouse.io/wehrtyou/jobs/6331789,,
Hudson River Trading,6343069,Software Engineer - Treasury Infrastructure,"Chicago, Illinois, United States",https://boards.greenhouse.io/wehrtyou/jobs/6343069,,
Hudson River Trading,6112258,Senior IT Site Reliability Engineer,"New York, NY, United States",https://boards.greenhouse.io/wehrtyou/jobs/6112258,,
Hudson River Trading,6329911,Core Web Engineer,"Seattle, Washington, United States",https://boards.greenhouse.io/wehrtyou/jobs/6329911,,
Hudson River Trading,6250665,Core Web Engineer,"New York, NY, United States",https://boards.greenhouse.io/wehrtyou/jobs/6250665,,
Hudson River Trading,6337827,Database SRE,"Austin, TX, United States",https://boards.greenhouse.io/wehrtyou/jobs/6337827,,
Hudson River Trading,6327930,Database SRE,"New York, NY, United States",https://boards.greenhouse.io/wehrtyou/jobs/6327930,,
Hudson River Trading,6377101,Database SRE,"Seattle, Washington, United States",https://boards.greenhouse.io/wehrtyou/jobs/6377101,,
Hudson River Trading,4384499,Senior Python Engineer,"New York, NY, United States",https://boards.greenhouse.io/wehrtyou/jobs/4384499,,
Hudson River Trading,4385158,Senior Python Engineer,"Austin, TX, United States",https://boards.greenhouse.io/wehrtyou/jobs/4385158,,
Hudson River Trading,4385167,Senior Python Engineer,"Chicago, Illinois, United States",https://boards.greenhouse.io/wehrtyou/jobs/4385167,,
Hudson River Trading,6330612,Senior Software Engineer - Development Tools,"Austin, TX, United States",https://boards.greenhouse.io/wehrtyou/jobs/6330612,,
Hudson River Trading,6330611,Senior Software Engineer - Development Tools,"Chicago, Illinois, United States",https://boards.greenhouse.io/wehrtyou/jobs/6330611,,
Hudson River Trading,6330602,Senior Software Engineer - Development Tools,"New York, NY, United States",https://boards.greenhouse.io/wehrtyou/jobs/6330602,,
Hudson River Trading,6308798,Senior Systems Software Engineer,"Austin, TX, United States",https://boards.greenhouse.io/wehrtyou/jobs/6308798,,
Hudson River Trading,6308838,Senior Systems Software Engineer,"Boulder, Colorado, United States",https://boards.greenhouse.io/wehrtyou/jobs/6308838,,
Hudson River Trading,6296262,Senior Systems Software Engineer,"New York, NY, United States",https://boards.greenhouse.io/wehrtyou/jobs/6296262,,
Hudson River Trading,6086350,Systems Software Engineer,"New York, NY, United States",https://boards.greenhouse.io/wehrtyou/jobs/6086350,,
Hudson River Trading,6291555,Systems Software Engineer,"Boulder, Colorado, United States",https://boards.greenhouse.io/wehrtyou/jobs/6291555,,
Hudson River Trading,6575829,Electronic Trading Support Engineer,"Chicago, Illinois, United States",https://boards.greenhouse.io/wehrtyou/jobs/6575829,,
Hudson River Trading,6575600,Electronic Trading Support Engineer,"New York, NY, United States",https://boards.greenhouse.io/wehrtyou/jobs/6575600,,
Hudson River Trading,6575623,Electronic Trading Support Engineer,"Austin, TX, United States",https://boards.greenhouse.io/wehrtyou/jobs/6575623,,
Hudson River Trading,6527059,"Experienced C++ Developer, Distributed Compute","New York, NY, United States",https://boards.greenhouse.io/wehrtyou/jobs/6527059,,
Hudson River Trading,6470115,"Experienced C++ Developer, Distributed Systems - Storage/Databases","New York, NY, United States",https://boards.greenhouse.io/wehrtyou/jobs/6470115,,
Hudson River Trading,6345753,"Experienced C++ Developer, ETFs","New York, NY, United States",https://boards.greenhouse.io/wehrtyou/jobs/6345753,,
Hudson River Trading,6327622,"Experienced C++ Developer, Fixed Income","New York, NY, United States",https://boards.greenhouse.io/wehrtyou/jobs/6327622,,
Hudson River Trading,6526729,"Experienced C++ Developer, Options","Chicago, Illinois, United States",https://boards.greenhouse.io/wehrtyou/jobs/6526729,,
Hudson River Trading,6326764,"Experienced C++ Developer, Options","New York, NY, United States",https://boards.greenhouse.io/wehrtyou/jobs/6326764,,
Hudson River Trading,1432473,Experienced Low Level Software Engineer (C++),"Austin, TX, United States",https://boards.greenhouse.io/wehrtyou/jobs/1432473,,
Hudson River Trading,75838,Experienced Low Level Software Engineer (C++),"New York, NY, United States",https://boards.greenhouse.io/wehrtyou/jobs/75838,,
Hudson River Trading,1432443,Experienced Low Level Software Engineer (C++),"Chicago, Illinois, United States",https://boards.greenhouse.io/wehrtyou/jobs/1432443,,
Hudson River Trading,1872198,FPGA Software Engineer,"New York, NY, United States",https://boards.greenhouse.io/wehrtyou/jobs/1872198,,
Hudson River Trading,5175973,Market Structure Optimization Engineer,"New York, NY, United States",https://boards.greenhouse.io/wehrtyou/jobs/5175973,,
Hudson River Trading,5175974,Market Structure Optimization Engineer,"Chicago, Illinois, United States",https://boards.greenhouse.io/wehrtyou/jobs/5175974,,
Hudson River Trading,6264013,Market Structure Optimization Engineer,"Austin, TX, United States",https://boards.greenhouse.io/wehrtyou/jobs/6264013,,
Hudson River Trading,3138637,Senior Network Engineer - Low Latency Trading,"Chicago, Illinois, United States",https://boards.greenhouse.io/wehrtyou/jobs/3138637,,
Hudson River Trading,1248067,Senior Network Engineer - Low Latency Trading,"New York, NY, United States",https://boards.greenhouse.io/wehrtyou/jobs/1248067,,
DRW,6539695,AI Equities Quantitative Developer,"New York, NY",https://boards.greenhouse.io/drweng/jobs/6539695,,
DRW,6535625,Senior Quantitative Data Engineer,"New York, NY",https://boards.greenhouse.io/drweng/jobs/6535625,,
DRW,6069728,Senior Software Engineer,"Chicago, IL",https://boards.greenhouse.io/drweng/jobs/6069728,,
DRW,6569018,Senior ServiceNow Developer,Chicago,https://boards.greenhouse.io/drweng/jobs/6569018,,
DRW,6555960,ServiceNow Developer,Chicago,https://boards.greenhouse.io/drweng/jobs/6555960,,
DRW,6388596,Trading Systems Engineer (Mid-Shift),Chicago,https://boards.greenhouse.io/drweng/jobs/6388596,,
DRW,6233297,Software Engineer,Chicago,https://boards.greenhouse.io/drweng/jobs/6233297,,
DRW,6262326,Software Engineering Team Lead - Platform Services,Chicago,https://boards.greenhouse.io/drweng/jobs/6262326,,
DRW,6262013,"Senior Software Engineer, Elixir - UP - Pricing & Derived Data, Chicago",Chicago,https://boards.greenhouse.io/drweng/jobs/6262013,,
DRW,6489916,Trade Support Engineer (Algorithmic Trading),Chicago,https://boards.greenhouse.io/drweng/jobs/6489916,,
DRW,6406517,"Senior Research Software Engineer, Commodities (Python)",Chicago,https://boards.greenhouse.io/drweng/jobs/6406517,,
DRW,6204924,"Software Engineer, Commodities Engineering",Chicago,https://boards.greenhouse.io/drweng/jobs/6204924,,
DRW,6019043,DevOps Engineer,Remote,https://boards.greenhouse.io/drweng/jobs/6019043,,
DRW,6375298,Crypto Middle Office Engineer (Java),Chicago,https://boards.greenhouse.io/drweng/jobs/6375298,,
DRW,5960248,Senior UI Engineer,Chicago,https://boards.greenhouse.io/drweng/jobs/5960248,,
DRW,6586001,AI Engineer,Chicago,https://boards.greenhouse.io/drweng/jobs/6586001,,
DRW,6143789,Research Engineer,Chicago,https://boards.greenhouse.io/drweng/jobs/6143789,,
DRW,6244591,Senior Systems Reliability Engineer,Chicago,https://boards.greenhouse.io/drweng/jobs/6244591,,
DRW,5966609,Software Engineer – Cumberland/FICCO Desk Tools,Chicago,https://boards.greenhouse.io/drweng/jobs/5966609,,
Akuna Capital,6593898,Performance Engineer,"Chicago, IL",https://www.akunacapital.com/job-details?gh_jid=6593898,,
Akuna Capital,6593297,Software Engineer - C++,"Chicago, IL",https://www.akunacapital.com/job-details?gh_jid=6593297,,
Akuna Capital,6593706,"Software Engineer - C++, Trading Strategies","Chicago, IL",https://www.akunacapital.com/job-details?gh_jid=6593706,,
Akuna Capital,5042568,Software Engineer - .NET Desktop,"Chicago, IL",https://www.akunacapital.com/job-details?gh_jid=5042568,,
Akuna Capital,1093823,Trade Support Engineer,"Chicago, IL",https://www.akunacapital.com/job-details?gh_jid=1093823,,
Vatic Labs,53508,Software Engineer (Full Time),New York,https://boards.greenhouse.io/vaticlabs/jobs/53508,,
Vatic Labs,5414236,AI Engineer,New York,https://boards.greenhouse.io/vaticlabs/jobs/5414236,,
Vatic Labs,52951,Python Engineer,New York,https://boards.greenhouse.io/vaticlabs/jobs/52951,,
Vatic Labs,52953,Software Engineer - C++,New York,https://boards.greenhouse.io/vaticlabs/jobs/52953,,
Vatic Labs,598228,Quantitative Developer,New York,https://boards.greenhouse.io/vaticlabs/jobs/598228,,
Arcesium,4621024007,Corporate Technology Engineer,New York,https://job-boards.greenhouse.io/arcesiumllc/jobs/4621024007,,
Arcesium,4457575007,Lead Infrastructure Engineer - Distributed Systems,New York,https://job-boards.greenhouse.io/arcesiumllc/jobs/4457575007,,
Bolt,5425560004,Security Engineer,United States,https://job-boards.greenhouse.io/bolt42/jobs/5425560004,,
AQR Capital Management,6498510,Business Development Analyst,Bengaluru,https://careers.aqr.com/jobs?gh_jid=6498510?gh_jid=6498510,,
AQR Capital Management,6498537,Business Development Analyst,Bengaluru,https://careers.aqr.com/jobs?gh_jid=6498537?gh_jid=6498537,,
AQR Capital Management,6414381,Business Development Analyst,Bengaluru,https://careers.aqr.com/jobs?gh_jid=6414381?gh_jid=6414381,,
AQR Capital Management,6390618,Business Development Analyst - US Wealth,"Greenwich, CT",https://careers.aqr.com/jobs?gh_jid=6390618?gh_jid=6390618,,
AQR Capital Management,6498496,Internal Sales Representative - U.S. Wealth Associate,"Greenwich, CT",https://careers.aqr.com/jobs?gh_jid=6498496?gh_jid=6498496,,
AQR Capital Management,6489976,Platform Sales Associate - US Wealth,"Greenwich, CT",https://careers.aqr.com/jobs?gh_jid=6489976?gh_jid=6489976,,
AQR Capital Management,6213808,Cloud Services - Associate,Bengaluru,https://careers.aqr.com/jobs?gh_jid=6213808?gh_jid=6213808,,
AQR Capital Management,6258084,Information Security Manager - Vice President,Bengaluru,https://careers.aqr.com/jobs?gh_jid=6258084?gh_jid=6258084,,
AQR Capital Management,6359705,Portfolio Analytics Engineer,Bengaluru,https://careers.aqr.com/jobs?gh_jid=6359705?gh_jid=6359705,,
AQR Capital Management,6318024,Trading Engineering - Software Developer - Associate,Bengaluru,https://careers.aqr.com/jobs?gh_jid=6318024?gh_jid=6318024,,
AQR Capital Management,6124211,Fund Treasury Associate,"Greenwich, CT",https://careers.aqr.com/jobs?gh_jid=6124211?gh_jid=6124211,,
AQR Capital Management,6204607,Counsel - Private Funds and Managed Accounts,"Greenwich, CT",https://careers.aqr.com/jobs?gh_jid=6204607?gh_jid=6204607,,
AQR Capital Management,6454553,Portfolio Finance Vice President,"Greenwich, CT",https://careers.aqr.com/jobs?gh_jid=6454553?gh_jid=6454553,,
AQR Capital Management,6454169,Portfolio Implementation Analyst,"Greenwich, CT",https://careers.aqr.com/jobs?gh_jid=6454169?gh_jid=6454169,,
AQR Capital Management,6241244,Global Stock Selection Researcher,"Greenwich, CT",https://careers.aqr.com/jobs?gh_jid=6241244?gh_jid=6241244,,
AQR Capital Management,6573195,Mid-Frequency Signal Research - Associate/VP,"Greenwich, CT",https://careers.aqr.com/jobs?gh_jid=6573195?gh_jid=6573195,,
AQR Capital Management,5628644,Quant Research Development - Software Engineer - Associate,Bengaluru,https://careers.aqr.com/jobs?gh_jid=5628644?gh_jid=5628644,,
AQR Capital Management,6177410,Quant Research Development - Software Engineer - Associate,Bengaluru,https://careers.aqr.com/jobs?gh_jid=6177410?gh_jid=6177410,,
AQR Capital Management,6380322,Quant Research Development - Software Engineer - Vice President,Bengaluru,https://careers.aqr.com/jobs?gh_jid=6380322?gh_jid=6380322,,
AQR Capital Management,6415142,2025 PhD Research Full-Time Associate,"Greenwich, CT",https://careers.aqr.com/jobs?gh_jid=6415142?gh_jid=6415142,,
AQR Capital Management,6585879,2025 Research Product Specialist Summer Intern,"Greenwich, CT",https://careers.aqr.com/jobs?gh_jid=6585879?gh_jid=6585879,,
AQR Capital Management,6239434,2025 Security Engineering Analyst,"Greenwich, CT",https://careers.aqr.com/jobs?gh_jid=6239434?gh_jid=6239434,,
Aquatic Capital Management,7518868002,Research Business Manager,Chicago,https://job-boards.greenhouse.io/aquaticcapitalmanagement/jobs/7518868002,,
Aquatic Capital Management,7529282002,Quantitative Researcher,"Chicago, New York, London",https://job-boards.greenhouse.io/aquaticcapitalmanagement/jobs/7529282002,,
Aquatic Capital Management,7851520002,Quantitative ResearcherNew,Chicago,https://job-boards.greenhouse.io/aquaticcapitalmanagement/jobs/7851520002,,
Aquatic Capital Management,7468705002,"Quantitative Researcher, Early Career (2025)","Chicago, New York, London",https://job-boards.greenhouse.io/aquaticcapitalmanagement/jobs/7468705002,,
Aquatic Capital Management,7434612002,"Quantitative Researcher, PhD (2025)","Chicago, New York",https://job-boards.greenhouse.io/aquaticcapitalmanagement/jobs/7434612002,,
Aquatic Capital Management,7534120002,Software Engineer,"Chicago, New York, London",https://job-boards.greenhouse.io/aquaticcapitalmanagement/jobs/7534120002,,
Aquatic Capital Management,7624703002,"Software Engineer, Early Career","Chicago, New York",https://job-boards.greenhouse.io/aquaticcapitalmanagement/jobs/7624703002,,
PDT Partners,1825569,Cloud Engineer,New York,https://boards.greenhouse.io/pdtpartners/jobs/1825569,,
PDT Partners,4472982,Platform Engineer,New York,https://boards.greenhouse.io/pdtpartners/jobs/4472982,,
PDT Partners,5947273,Research Computing Engineer/SRE,New York,https://boards.greenhouse.io/pdtpartners/jobs/5947273,,
PDT Partners,5403145,Research Engineer,"New York, NY",https://boards.greenhouse.io/pdtpartners/jobs/5403145,,
PDT Partners,3914106,Software Engineer,New York,https://boards.greenhouse.io/pdtpartners/jobs/3914106,,
Engineer's Gate,5900891,Systems Engineer,"New York, NY",https://job-boards.greenhouse.io/engineersgate/jobs/5900891,,
Engineer's Gate,6135266,Systems Engineer,Singapore,https://job-boards.greenhouse.io/engineersgate/jobs/6135266,,
WorldQuant,4412867006,LLM Developer,West Palm Beach,https://boards.greenhouse.io/worldquant/jobs/4412867006,,
WorldQuant,4431063006,Build and Release Engineer,Austin OR  Chicago OR New York OR Old Greenwich,https://boards.greenhouse.io/worldquant/jobs/4431063006,,
WorldQuant,4361107006,Senior Software Engineer,New York OR Old Greenwich OR Chicago OR Austin,https://boards.greenhouse.io/worldquant/jobs/4361107006,,
WorldQuant,4062126006,Software Engineer - Trading Systems,New York OR Chicago OR Austin OR Old Greenwich,https://boards.greenhouse.io/worldquant/jobs/4062126006,,
SentiLink,4551505007,Full Stack Engineer,Remote,https://job-boards.greenhouse.io/sentilink/jobs/4551505007,,
SentiLink,4631130007,Senior Infrastructure Engineer,Remote-USA,https://job-boards.greenhouse.io/sentilink/jobs/4631130007,,
SentiLink,4376737007,"Senior Software Engineer, Backend",Remote,https://job-boards.greenhouse.io/sentilink/jobs/4376737007,,
SentiLink,4638131007,"Senior Software Engineer, Data Platform",Remote,https://job-boards.greenhouse.io/sentilink/jobs/4638131007,,
ZScaler,4623416007,"Senior Product Support Engineer - Federal, Risk Management",Remote - USA,https://boards.greenhouse.io/zscaler/jobs/4623416007,,
ZScaler,4621653007,Atlassian Technical Support Engineer,"Bellevue, Washington, USA",https://boards.greenhouse.io/zscaler/jobs/4621653007,,
ZScaler,4605674007,Senior Machine Learning Engineer,"San Jose, California, USA",https://boards.greenhouse.io/zscaler/jobs/4605674007,,
ZScaler,4625643007,Senior Software Engineer,"San Jose, California, USA",https://boards.greenhouse.io/zscaler/jobs/4625643007,,
Semgrep,4591045007,Senior Security Software Engineer,San Francisco/Boston/New York/Seattle,https://job-boards.greenhouse.io/semgrep/jobs/4591045007,,
Semgrep,4591086007,Senior Software Engineer- Frameworks and Services,San Francisco/New York/Boston/Denver,https://job-boards.greenhouse.io/semgrep/jobs/4591086007,,
Semgrep,4645768007,Senior Software Engineer- Infrastructure/Data PlatformsNew,San Francisco/New York/Boston/Denver,https://job-boards.greenhouse.io/semgrep/jobs/4645768007,,
Semgrep,4622857007,Senior Software Engineer- Managed Scanning,San Francisco/New York/Boston/Denver,https://job-boards.greenhouse.io/semgrep/jobs/4622857007,,
Semgrep,4599453007,Senior Software Engineer- Security Workflows,San Francisco/New York/Boston,https://job-boards.greenhouse.io/semgrep/jobs/4599453007,,
Semgrep,4588941007,Sr. Data Analyst-Marketing,San Francisco,https://job-boards.greenhouse.io/semgrep/jobs/4588941007,,
Semgrep,4620480007,Sr. Full Stack Web Developer (Marketing),"San Francisco, CA/New York, NY",https://job-boards.greenhouse.io/semgrep/jobs/4620480007,,
Rubrik,6606330,Senior Hardware Engineer,"Palo Alto, CA",https://www.rubrik.com/company/careers/departments/job.6606330?gh_jid=6606330,,
Rubrik,6415413,Senior Software Engineer,"Palo Alto, CA",https://www.rubrik.com/company/careers/departments/job.6415413?gh_jid=6415413,,
Rubrik,6525138,Senior Software Engineer - Entra ID,"Palo Alto, CA",https://www.rubrik.com/company/careers/departments/job.6525138?gh_jid=6525138,,
Rubrik,6451434,Senior Software Engineer - SaaS Data Protection,"Palo Alto, CA",https://www.rubrik.com/company/careers/departments/job.6451434?gh_jid=6451434,,
Rubrik,6475835,Software Engineer,"Palo Alto, CA",https://www.rubrik.com/company/careers/departments/job.6475835?gh_jid=6475835,,
Rubrik,6499708,Software Engineer - Callisto,"Palo Alto, CA",https://www.rubrik.com/company/careers/departments/job.6499708?gh_jid=6499708,,
Rubrik,6321921,Software Engineer - Data Protection,"Palo Alto, CA",https://www.rubrik.com/company/careers/departments/job.6321921?gh_jid=6321921,,
Rubrik,6528015,Software Engineer - Oracle Data Protection,"Palo Alto, CA",https://www.rubrik.com/company/careers/departments/job.6528015?gh_jid=6528015,,
Rubrik,6453302,Sr. Software Development Engineer,"Palo Alto, CA",https://www.rubrik.com/company/careers/departments/job.6453302?gh_jid=6453302,,
Rubrik,6489510,Software Engineer - GenAI,"Palo Alto, CA",https://www.rubrik.com/company/careers/departments/job.6489510?gh_jid=6489510,,
OKX,6299637003,Senior QA Engineer,"San Jose, California, United States",https://job-boards.greenhouse.io/okx/jobs/6299637003,,
OKX,6302528003,Sr Data Analyst - Compliance,"San Jose, California, United States",https://job-boards.greenhouse.io/okx/jobs/6302528003,,
Paxos,7707691002,Senior Site Reliability Engineer,Remote - United States,https://boards.greenhouse.io/joinpaxos/jobs/7707691002,,
Paxos,7844300002,"Senior Software Engineer, Issuance",Remote - United States,https://boards.greenhouse.io/joinpaxos/jobs/7844300002,,
Nightfall AI,4345878006,Endpoint Engineer,Remote (US & Canada),https://job-boards.greenhouse.io/nightfall/jobs/4345878006,,
Nightfall AI,4282544006,Senior Backend Engineer,"San Francisco, California, United States",https://job-boards.greenhouse.io/nightfall/jobs/4282544006,,
Nightfall AI,4008727006,Staff Software Engineer,"San Francisco, California, United States",https://job-boards.greenhouse.io/nightfall/jobs/4008727006,,
Ping Identity,7824819002,Site Rel Engineer I,US - Remote,https://job-boards.greenhouse.io/pingidentity/jobs/7824819002,,
Ping Identity,7839232002,Site Rel Engineer INew,USA - Remote,https://job-boards.greenhouse.io/pingidentity/jobs/7839232002,,
Ping Identity,7834475002,Senior Salesforce DeveloperNew,USA - Office - Denver,https://job-boards.greenhouse.io/pingidentity/jobs/7834475002,,
DigiCert,7780925002,Mid-Level Software Engineer,United States,https://www.digicert.com/careers/?gh_jid=7780925002,,
DigiCert,7830164002,Senior Software Engineer,United States,https://www.digicert.com/careers/?gh_jid=7830164002,,
WayFair,7715231002,"Senior Analyst, Supplier Scam Data Insights","Boston, MA",https://www.wayfair.com/careers/jobs/7715231002?gh_jid=7715231002,,
WayFair,7853972002,"Software Engineer II, Fraud & Payments","Boston, MA",https://www.wayfair.com/careers/jobs/7853972002?gh_jid=7853972002,,
WayFair,7853955002,"Software Engineer III, Fraud & Payments","Boston, MA",https://www.wayfair.com/careers/jobs/7853955002?gh_jid=7853955002,,
WayFair,7839178002,"Software Engineer III, GraphQL Platform Team","Mountain View, CA",https://www.wayfair.com/careers/jobs/7839178002?gh_jid=7839178002,,
Faire,7761447002,AI Platform Engineer,"New York City, NY · San Francisco, CA",https://boards.greenhouse.io/faire/jobs/7761447002?gh_jid=7761447002,,
Faire,7669361002,Senior Data Scientist,"San Francisco, CA",https://boards.greenhouse.io/faire/jobs/7669361002?gh_jid=7669361002,,
Faire,7575468002,Senior Data Scientist / Machine Learning Engineer - Ads,"New York City, NY · San Francisco, CA",https://boards.greenhouse.io/faire/jobs/7575468002?gh_jid=7575468002,,
Faire,7666355002,Senior Product Analytics Engineer,"San Francisco, CA",https://boards.greenhouse.io/faire/jobs/7666355002?gh_jid=7666355002,,
Twitch,7772699002,Data Engineer - Monetization,"San Francisco, CA",https://job-boards.greenhouse.io/twitch/jobs/7772699002,,
Twitch,7776999002,Data Engineer - Monetization,"Irvine, CA",https://job-boards.greenhouse.io/twitch/jobs/7776999002,,
Twitch,7777001002,Data Engineer - Monetization,"Seattle, WA",https://job-boards.greenhouse.io/twitch/jobs/7777001002,,
Twitch,7777003002,Data Engineer - Monetization,New York City,https://job-boards.greenhouse.io/twitch/jobs/7777003002,,
Twitch,7830945002,Software Engineer,"Seattle, WA",https://job-boards.greenhouse.io/twitch/jobs/7830945002,,
Twitch,7766033002,Software Engineer I,"Seattle, WA",https://job-boards.greenhouse.io/twitch/jobs/7766033002,,
Twitch,7695262002,Software Engineer - Payments,"San Francisco, CA",https://job-boards.greenhouse.io/twitch/jobs/7695262002,,
Twitch,7721120002,Software Engineer - Payments,"San Francisco, CA",https://job-boards.greenhouse.io/twitch/jobs/7721120002,,
Twitch,7835574002,Software Development EngineerNew,"San Francisco, CA",https://job-boards.greenhouse.io/twitch/jobs/7835574002,,
Twitch,7826313002,Software Engineer API Platform,"San Francisco, CA",https://job-boards.greenhouse.io/twitch/jobs/7826313002,,
Doordash,6527169,Senior Learning Data Analyst - DashMart,United States - Remote,https://boards.greenhouse.io/doordashusa/jobs/6527169,,
Doordash,6611649,Senior Insurance Data Lead,"Chicago, IL; Denver, CO; Los Angeles, CA; New York, NY; San Francisco, CA; Seattle, WA; Tempe, AZ; Washington, D.C.",https://boards.greenhouse.io/doordashusa/jobs/6611649,,
Doordash,6599474,"Backend Engineer, Drone - DoorDash Labs","San Francisco, CA",https://boards.greenhouse.io/doordashusa/jobs/6599474,,
Doordash,6040759,"Senior Software Engineer, Simulation Infrastructure, DoorDash Labs","San Francisco, CA",https://boards.greenhouse.io/doordashusa/jobs/6040759,,
Doordash,6452991,"Software Engineer, CI, Autonomy & Robotics","San Francisco, CA",https://boards.greenhouse.io/doordashusa/jobs/6452991,,
Doordash,6599470,"Software Engineer, Drone - DoorDash Labs","San Francisco, CA",https://boards.greenhouse.io/doordashusa/jobs/6599470,,
Doordash,6367350,"Software Engineer, Infrastructure - Autonomy & Robotics","San Francisco, CA",https://boards.greenhouse.io/doordashusa/jobs/6367350,,
Doordash,6517957,"Senior Software Engineer, Performance Platform","Los Angeles, CA; New York, NY; San Francisco, CA; Seattle, WA; Sunnyvale, CA",https://boards.greenhouse.io/doordashusa/jobs/6517957,,
Doordash,6527012,"Senior Software Engineer, Test Platform","Los Angeles, CA; New York, NY; San Francisco, CA; Seattle, WA; Sunnyvale, CA",https://boards.greenhouse.io/doordashusa/jobs/6527012,,
Doordash,6437951,"Software Engineer, Build Platform","San Francisco, CA; Sunnyvale, CA; Seattle, WA",https://boards.greenhouse.io/doordashusa/jobs/6437951,,
Doordash,6430756,"Software Engineer, Cloud Infrastructure and Platforms","San Francisco, CA; Sunnyvale, CA; Seattle, WA",https://boards.greenhouse.io/doordashusa/jobs/6430756,,
Doordash,6427513,"Software Engineer, Observability","San Francisco, CA; Sunnyvale, CA; Seattle, WA",https://boards.greenhouse.io/doordashusa/jobs/6427513,,
Doordash,6517933,"Software Engineer, Performance Platform","Los Angeles, CA; New York, NY; San Francisco, CA; Seattle, WA; Sunnyvale, CA",https://boards.greenhouse.io/doordashusa/jobs/6517933,,
Doordash,6482393,"Software Engineer,  Test Platform","Los Angeles, CA; New York, NY; San Francisco, CA; Seattle, WA; Sunnyvale, CA",https://boards.greenhouse.io/doordashusa/jobs/6482393,,
Doordash,6199993,Web Platform Engineer,"San Francisco, CA; Sunnyvale, CA; Los Angeles, CA; Seattle, WA; New York, NY",https://boards.greenhouse.io/doordashusa/jobs/6199993,,
Doordash,6430881,"Machine Learning Engineer, Experimentation","San Francisco, CA; Seattle, WA; Sunnyvale, CA",https://boards.greenhouse.io/doordashusa/jobs/6430881,,
Doordash,6108388,"Senior Software Engineer, Data Engineering","San Francisco, CA; Sunnyvale, CA",https://boards.greenhouse.io/doordashusa/jobs/6108388,,
Doordash,6041407,"Software Engineer, Data Mobility","San Francisco, CA; Seattle, WA; Sunnyvale, CA",https://boards.greenhouse.io/doordashusa/jobs/6041407,,
Doordash,6458514,"Software Engineer II, Data Engineering","San Francisco, CA; Sunnyvale, CA",https://boards.greenhouse.io/doordashusa/jobs/6458514,,
Doordash,5638430,"Software Engineer II, Data Governance Platform","San Francisco, CA; Seattle, WA; Sunnyvale, CA",https://boards.greenhouse.io/doordashusa/jobs/5638430,,
Doordash,6296361,"Software Engineer, Machine Learning Infrastructure","San Francisco, CA; Sunnyvale, CA; Seattle, WA",https://boards.greenhouse.io/doordashusa/jobs/6296361,,
Doordash,5639038,Applied Machine Learning Engineer - Causal Inference Recommendation,"Sunnyvale, CA; San Francisco, CA; Seattle, WA; New York, NY",https://boards.greenhouse.io/doordashusa/jobs/5639038,,
Doordash,6333591,"Machine Learning Engineer, Computer Vision","San Francisco, CA; Sunnyvale, CA; Seattle, WA",https://boards.greenhouse.io/doordashusa/jobs/6333591,,
Doordash,5862909,Machine Learning Engineer - Conversation AI,"Sunnyvale, CA; San Francisco, CA; Seattle, WA; Los Angeles, CA",https://boards.greenhouse.io/doordashusa/jobs/5862909,,
Doordash,5652917,"Machine Learning Engineer, Dasher Supply","San Francisco, CA; Sunnyvale, CA; Seattle, WA",https://boards.greenhouse.io/doordashusa/jobs/5652917,,
Doordash,5652853,Machine Learning Engineer - Delivery Excellence,"San Francisco, CA; Sunnyvale, CA; Seattle, WA",https://boards.greenhouse.io/doordashusa/jobs/5652853,,
Doordash,5657317,Machine Learning Engineer - ETA & Routing,"Sunnyvale, CA; San Francisco, CA; Seattle, WA",https://boards.greenhouse.io/doordashusa/jobs/5657317,,
Doordash,5660515,"Machine Learning Engineer, Forecast Platform","Sunnyvale, CA; San Francisco, CA; Seattle, WA",https://boards.greenhouse.io/doordashusa/jobs/5660515,,
Doordash,5638677,Machine Learning Engineer - New Verticals,"San Francisco, CA; Sunnyvale, CA; Los Angeles, CA; Seattle, WA; New York, NY",https://boards.greenhouse.io/doordashusa/jobs/5638677,,
Doordash,6606571,Machine Learning Engineer - New Verticals Catalog,"San Francisco, CA; Sunnyvale, CA; Los Angeles, CA; Seattle, WA",https://boards.greenhouse.io/doordashusa/jobs/6606571,,
Doordash,6518016,Machine Learning Engineer - New Verticals - Search & Recommendations,"Sunnyvale, CA; San Francisco, CA; Seattle, WA; New York, NY; Los Angeles, CA",https://boards.greenhouse.io/doordashusa/jobs/6518016,,
Doordash,5639031,Senior Applied Machine Learning Engineer - Merchant Menu,"San Francisco, CA; Sunnyvale, CA; Seattle, WA; New York, NY",https://boards.greenhouse.io/doordashusa/jobs/5639031,,
Doordash,5516837,"Senior Software Engineer, Machine Learning - Ads Intelligence","San Francisco, CA; Sunnyvale, CA",https://boards.greenhouse.io/doordashusa/jobs/5516837,,
Doordash,6338077,"Senior Software Engineer, Machine Learning - Consumer ML","San Francisco, CA; Sunnyvale, CA; Seattle, WA",https://boards.greenhouse.io/doordashusa/jobs/6338077,,
Doordash,5516835,"Senior Software Engineer, Machine Learning - Fraud","Sunnyvale, CA; San Francisco, CA; Seattle, WA",https://boards.greenhouse.io/doordashusa/jobs/5516835,,
Doordash,5516836,"Senior Software Engineer, Machine Learning - Personalization & Growth","San Francisco, CA; Sunnyvale, CA; Seattle, WA",https://boards.greenhouse.io/doordashusa/jobs/5516836,,
Doordash,5630445,"Software Engineer, Backend (All Teams)","Los Angeles, CA; Sunnyvale, CA; San Francisco, CA; New York, NY; Seattle, WA",https://boards.greenhouse.io/doordashusa/jobs/5630445,,
Doordash,6330949,"Software Engineer I, Entry-Level (Graduation Date: Fall 2024-Summer 2025)","New York, NY; San Francisco, CA; Los Angeles, CA; Seattle, WA; Sunnyvale, CA",https://boards.greenhouse.io/doordashusa/jobs/6330949,,
Doordash,6550358,Sales Engineer - Platform,United States - Remote,https://boards.greenhouse.io/doordashusa/jobs/6550358,,
Doordash,6202833,"Full Stack Application Engineer, GTM Technology","Chicago, IL; Austin, TX; San Francisco, CA; Seattle, WA; United States - Remote",https://boards.greenhouse.io/doordashusa/jobs/6202833,,
Pendo.io,7699621002,"Software Engineer, Front End","New York, NY",https://boards.greenhouse.io/pendo/jobs/7699621002,,
Pendo.io,7677644002,"Software Engineer, Front End","Raleigh, NC",https://boards.greenhouse.io/pendo/jobs/7677644002,,
Sumo Logic,6179438,Senior Engineer - Distributed Systems- Backend,United States,https://job-boards.greenhouse.io/sumologic/jobs/6179438?gh_src=Simplify,,
Sumo Logic,6503063,Software Engineer II - Data Collection,United States,https://job-boards.greenhouse.io/sumologic/jobs/6503063?gh_src=Simplify,,
Sumo Logic,6539535,Staff Software EngineerNew,"Austin, TX",https://job-boards.greenhouse.io/sumologic/jobs/6539535?gh_src=Simplify,,
Pinterest,4813946,Backend Software Engineer,"San Francisco, CA, US; Seattle, WA, US; Remote, US",https://www.pinterestcareers.com/job-form?gh_jid=4813946,,
Pinterest,5601194,"Senior Software Engineer, Fullstack","San Francisco, CA, US; Remote, US",https://www.pinterestcareers.com/job-form?gh_jid=5601194,,
Pinterest,6121450,"Machine Learning Engineer, Core Engineering","San Francisco, CA, US; Remote, US",https://www.pinterestcareers.com/job-form?gh_jid=6121450,,
Pinterest,6121464,"Sr Machine Learning Engineer, Core Engineering","San Francisco, CA, US; Palo Alto, CA, US; Seattle, WA, US",https://www.pinterestcareers.com/job-form?gh_jid=6121464,,
Pinterest,6121543,"Machine Learning Engineer, Monetization Engineering","San Francisco, CA, US; Palo Alto, CA, US; Seattle, WA, US",https://www.pinterestcareers.com/job-form?gh_jid=6121543,,
Pinterest,6121551,"Sr. Machine Learning Engineer, Monetization Engineering","San Francisco, CA, US; Palo Alto, CA, US; Seattle, WA, US",https://www.pinterestcareers.com/job-form?gh_jid=6121551,,
Pinterest,6516259,"Software Engineer II, Security","San Francisco, CA, US; Remote, US",https://www.pinterestcareers.com/job-form?gh_jid=6516259,,
Qualia,6001226,Senior Software Engineer I,"San Francisco, CA, United States of America",https://job-boards.greenhouse.io/qualia/jobs/6001226?gh_src=Simplify,,
Qualia,6001250,Software Engineer II,"San Francisco, CA, United States of America",https://job-boards.greenhouse.io/qualia/jobs/6001250?gh_src=Simplify,,
Qualia,6579364,Senior Software Development Engineer in Test,"San Francisco, CA",https://job-boards.greenhouse.io/qualia/jobs/6579364?gh_src=Simplify,,
Roku,6545183,"Senior Software Engineer, Service Mesh","San Jose, California",https://www.weareroku.com/jobs/6545183?gh_jid=6545183,,
Roku,6549453,"Senior Software Engineer, Service Mesh","Santa Monica, California",https://www.weareroku.com/jobs/6549453?gh_jid=6549453,,
Roku,6549464,"Senior Software Engineer, Service Mesh","New York, New York",https://www.weareroku.com/jobs/6549464?gh_jid=6549464,,
Roku,6549485,"Senior Software Engineer, Service Mesh","Boston, Massachusetts",https://www.weareroku.com/jobs/6549485?gh_jid=6549485,,
Roku,6549416,"Senior Software Engineer, Service Mesh","Austin, Texas",https://www.weareroku.com/jobs/6549416?gh_jid=6549416,,
Roku,6580877,"Senior Software Engineer, Distributed Backend","Boston, Massachusetts",https://www.weareroku.com/jobs/6580877?gh_jid=6580877,,
Roku,6210422,"Lead Software Engineer, Payment Platform","San Jose, California",https://www.weareroku.com/jobs/6210422?gh_jid=6210422,,
Roku,6210892,"Lead Software Engineer, Subscription Platform","San Jose, California",https://www.weareroku.com/jobs/6210892?gh_jid=6210892,,
Roku,6539534,Senior Software Development Engineer in Test,"Austin, Texas",https://www.weareroku.com/jobs/6539534?gh_jid=6539534,,
Roku,6530328,Senior Software Engineer,"San Jose, California",https://www.weareroku.com/jobs/6530328?gh_jid=6530328,,
AirBnB,5545290,"Senior Backend Engineer, Media Foundation",Remote,https://careers.airbnb.com/positions/5545290?gh_jid=5545290,,
AirBnB,5088759,Senior Data Engineer,United States,https://careers.airbnb.com/positions/5088759?gh_jid=5088759,,
AirBnB,6434138,"Senior Fullstack Engineer, Cities",United States,https://careers.airbnb.com/positions/6434138?gh_jid=6434138,,
AirBnB,6382079,"Senior Fullstack Engineer, Community Support Platform",Remote - USA,https://careers.airbnb.com/positions/6382079?gh_jid=6382079,,
AirBnB,6327386,"Senior Software Engineer, Booking and Orchestration","Remote, USA",https://careers.airbnb.com/positions/6327386?gh_jid=6327386,,
AirBnB,6601858,"Senior Software Engineer, Community Support Platform","Remote, USA",https://careers.airbnb.com/positions/6601858?gh_jid=6601858,,
AirBnB,6573479,"Senior Software Engineer, Community Support Platform","Remote, USA",https://careers.airbnb.com/positions/6573479?gh_jid=6573479,,
AirBnB,6370962,"Senior Software Engineer, Community Support Platform - Chatbot",Remote - USA,https://careers.airbnb.com/positions/6370962?gh_jid=6370962,,
AirBnB,6589684,"Senior Software Engineer, Insurance Engineering - Growth",United States,https://careers.airbnb.com/positions/6589684?gh_jid=6589684,,
AirBnB,6584682,"Senior Software Engineer,  Integrated Knowledge Management","Remote, USA",https://careers.airbnb.com/positions/6584682?gh_jid=6584682,,
AirBnB,6259618,"Senior Software Engineer, ML Infrastructure",United States,https://careers.airbnb.com/positions/6259618?gh_jid=6259618,,
AirBnB,6430732,"Senior Software Engineer, Quality Engineering",United States,https://careers.airbnb.com/positions/6430732?gh_jid=6430732,,
AirBnB,6357905,"Senior Software Engineer, Tax Engineering",United States,https://careers.airbnb.com/positions/6357905?gh_jid=6357905,,
AirBnB,6236132,"Senior Software Engineer, Trust","Remote, USA",https://careers.airbnb.com/positions/6236132?gh_jid=6236132,,
AirBnB,6599529,"Software Engineer, Reputation",United States,https://careers.airbnb.com/positions/6599529?gh_jid=6599529,,
Lyft,7817467002,"Backend Engineer, Lyft Media","New York, NY",https://app.careerpuck.com/job-board/lyft/job/7817467002?gh_jid=7817467002,,
Lyft,7822996002,Data Analytics - Safety & Customer Care,"San Francisco, CA",https://app.careerpuck.com/job-board/lyft/job/7822996002?gh_jid=7822996002,,
Lyft,7736178002,"Data Engineer, Central Data","San Francisco, CA",https://app.careerpuck.com/job-board/lyft/job/7736178002?gh_jid=7736178002,,
Lyft,7736336002,"Data Engineer, Central Data","Seattle, WA",https://app.careerpuck.com/job-board/lyft/job/7736336002?gh_jid=7736336002,,
Lyft,7667838002,"Senior Software Engineer - Ad Infra, Lyft Media","New York, NY",https://app.careerpuck.com/job-board/lyft/job/7667838002?gh_jid=7667838002,,
Lyft,7829187002,"Senior Software Engineer, AI","Seattle, WA",https://app.careerpuck.com/job-board/lyft/job/7829187002?gh_jid=7829187002,,
Lyft,7829066002,"Senior Software Engineer, AI","San Francisco, CA",https://app.careerpuck.com/job-board/lyft/job/7829066002?gh_jid=7829066002,,
Lyft,7446597002,Senior Software Engineer-Data Platform Compute,"New York, NY",https://app.careerpuck.com/job-board/lyft/job/7446597002?gh_jid=7446597002,,
Lyft,7446588002,Senior Software Engineer-Data Platform Compute,"San Francisco, CA",https://app.careerpuck.com/job-board/lyft/job/7446588002?gh_jid=7446588002,,
Lyft,7773348002,"Senior Software Engineer, Developer Console","New York, NY",https://app.careerpuck.com/job-board/lyft/job/7773348002?gh_jid=7773348002,,
Lyft,7846831002,"Senior Software Engineer - In App, Lyft Media","New York, NY",https://app.careerpuck.com/job-board/lyft/job/7846831002?gh_jid=7846831002,,
Lyft,7430146002,Senior Software Engineer - Routing,"New York, NY",https://app.careerpuck.com/job-board/lyft/job/7430146002?gh_jid=7430146002,,
Lyft,7707437002,"Software Engineer, Backend","San Francisco, CA",https://app.careerpuck.com/job-board/lyft/job/7707437002?gh_jid=7707437002,,
Lyft,7721499002,"Software Engineer, Business Travel","San Francisco, CA",https://app.careerpuck.com/job-board/lyft/job/7721499002?gh_jid=7721499002,,
Lyft,7817469002,"Software Engineer, Integrity","San Francisco, CA",https://app.careerpuck.com/job-board/lyft/job/7817469002?gh_jid=7817469002,,
Lyft,7817691002,"Software Engineer, Integrity","New York, NY",https://app.careerpuck.com/job-board/lyft/job/7817691002?gh_jid=7817691002,,
Lyft,7707439002,"Software Engineer, Networking","San Francisco, CA",https://app.careerpuck.com/job-board/lyft/job/7707439002?gh_jid=7707439002,,
ZipRecruiter,6530733,Senior Software Engineer,"Santa Monica, CA",https://job-boards.greenhouse.io/ziprecruiter/jobs/6530733,,
ZipRecruiter,6530760,"Senior Software Engineer, Big Data","Santa Monica, CA",https://job-boards.greenhouse.io/ziprecruiter/jobs/6530760,,
ZipRecruiter,6557024,"Senior Software Engineer, Big Data","Palo Alto, CA",https://job-boards.greenhouse.io/ziprecruiter/jobs/6557024,,
ZipRecruiter,6557032,"Senior Software Engineer, Big Data","Seattle, WA",https://job-boards.greenhouse.io/ziprecruiter/jobs/6557032,,
ZipRecruiter,6530780,"Senior Software Engineer, Full Stack","Santa Monica, CA",https://job-boards.greenhouse.io/ziprecruiter/jobs/6530780,,
ZipRecruiter,6556954,"Senior Software Engineer, Full Stack","Palo Alto, CA",https://job-boards.greenhouse.io/ziprecruiter/jobs/6556954,,
ZipRecruiter,6556957,"Senior Software Engineer, Full Stack","Seattle, WA",https://job-boards.greenhouse.io/ziprecruiter/jobs/6556957,,
ZipRecruiter,6556964,"Software Engineer, Full Stack","Santa Monica, CA",https://job-boards.greenhouse.io/ziprecruiter/jobs/6556964,,
ZipRecruiter,6556969,"Software Engineer, Full Stack","Palo Alto, CA",https://job-boards.greenhouse.io/ziprecruiter/jobs/6556969,,
ZipRecruiter,6556971,"Software Engineer, Full Stack","Seattle, WA",https://job-boards.greenhouse.io/ziprecruiter/jobs/6556971,,
Box,5977050,"Machine Learning Engineer, Box AI","Redwood City, California",https://job-boards.greenhouse.io/boxinc/jobs/5977050,,
Box,6287402,"Senior Software Engineer, Messaging Platform","Redwood City, CA, United States",https://job-boards.greenhouse.io/boxinc/jobs/6287402,,
Box,6567518,"Senior Software Engineer, Observability","Redwood City, CA",https://job-boards.greenhouse.io/boxinc/jobs/6567518,,
Figma,5220003004,Data Engineer,"San Francisco, CA • New York, NY • United States",https://boards.greenhouse.io/figma/jobs/5220003004?gh_jid=5220003004,,
Figma,5366705004,ML Engineer - AI Platform,"San Francisco, CA • New York, NY • United States",https://boards.greenhouse.io/figma/jobs/5366705004?gh_jid=5366705004,,
Figma,5259396004,Software Engineer - AI Product,"San Francisco, CA • New York, NY • United States",https://boards.greenhouse.io/figma/jobs/5259396004?gh_jid=5259396004,,
Figma,5263516004,Software Engineer - Application Platform,"San Francisco, CA • New York, NY • United States",https://boards.greenhouse.io/figma/jobs/5263516004?gh_jid=5263516004,,
Figma,5335427004,Software Engineer - Billing,"San Francisco, CA • New York, NY • United States",https://boards.greenhouse.io/figma/jobs/5335427004?gh_jid=5335427004,,
Figma,5349167004,Software Engineer - Client Platform,"San Francisco, CA • New York, NY • United States",https://boards.greenhouse.io/figma/jobs/5349167004?gh_jid=5349167004,,
Figma,4754116004,Software Engineer - Creation Engine,"San Francisco, CA • New York, NY • Seattle, WA • United States",https://boards.greenhouse.io/figma/jobs/4754116004?gh_jid=4754116004,,
Figma,5196490004,Software Engineer - Design at Scale,"San Francisco, CA • New York, NY • United States",https://boards.greenhouse.io/figma/jobs/5196490004?gh_jid=5196490004,,
Figma,5314701004,Software Engineer - Design Tools,"San Francisco, CA • New York, NY • United States",https://boards.greenhouse.io/figma/jobs/5314701004?gh_jid=5314701004,,
Figma,5164947004,Software Engineer - Developer Experience,"San Francisco, CA • New York, NY • United States",https://boards.greenhouse.io/figma/jobs/5164947004?gh_jid=5164947004,,
Figma,5145602004,Software Engineer - Distributed Storage,"San Francisco, CA • New York, NY • United States",https://boards.greenhouse.io/figma/jobs/5145602004?gh_jid=5145602004,,
Figma,5399019004,Software Engineer - Enterprise,"San Francisco, CA • New York, NY • Seattle, WA • United States",https://boards.greenhouse.io/figma/jobs/5399019004?gh_jid=5399019004,,
Figma,5362478004,Software Engineer - Extensibility,"San Francisco, CA • New York, NY • United States",https://boards.greenhouse.io/figma/jobs/5362478004?gh_jid=5362478004,,
Figma,5159891004,Software Engineer - FigFile Platform,"San Francisco, CA • New York, NY • United States",https://boards.greenhouse.io/figma/jobs/5159891004?gh_jid=5159891004,,
Figma,5253758004,Software Engineer - Identity & Access Management,"San Francisco, CA • New York, NY • United States",https://boards.greenhouse.io/figma/jobs/5253758004?gh_jid=5253758004,,
Figma,5279579004,Software Engineer - New Initiatives,"San Francisco, CA • New York, NY • Seattle, WA • United States",https://boards.greenhouse.io/figma/jobs/5279579004?gh_jid=5279579004,,
Figma,5320633004,Software Engineer - Product Foundations,"San Francisco, CA • New York, NY • United States",https://boards.greenhouse.io/figma/jobs/5320633004?gh_jid=5320633004,,
Figma,4903942004,Software Engineer - Production Engineering,"San Francisco, CA • New York, NY • Seattle, WA • United States",https://boards.greenhouse.io/figma/jobs/4903942004?gh_jid=4903942004,,
Figma,5361592004,Software Engineer - Rendering and Animation,"San Francisco, CA • New York, NY • United States",https://boards.greenhouse.io/figma/jobs/5361592004?gh_jid=5361592004,,
Figma,5337834004,Software Engineer - Revenue Growth,"San Francisco, CA • New York, NY • United States",https://boards.greenhouse.io/figma/jobs/5337834004?gh_jid=5337834004,,
Figma,5385082004,Software Engineer - Search Platform,"San Francisco, CA • New York, NY • United States",https://boards.greenhouse.io/figma/jobs/5385082004?gh_jid=5385082004,,
Figma,5145924004,Software Engineer - Server Platform,"San Francisco, CA • New York, NY • United States",https://boards.greenhouse.io/figma/jobs/5145924004?gh_jid=5145924004,,
Figma,5418023004,Software Engineer - Traffic,"San Francisco, CA • New York, NY • United States",https://boards.greenhouse.io/figma/jobs/5418023004?gh_jid=5418023004,,
Figma,5321603004,Software Engineer - User Growth,"San Francisco, CA • New York, NY • Seattle, WA • United States",https://boards.greenhouse.io/figma/jobs/5321603004?gh_jid=5321603004,,
Yext,6489231,Senior Software Engineer,"New York, NY",https://job-boards.greenhouse.io/yext/jobs/6489231,,
Yext,6423061,Software Engineer,"New York, NY",https://job-boards.greenhouse.io/yext/jobs/6423061,,
Yext,6569635,Software Engineer,"New York, NY",https://job-boards.greenhouse.io/yext/jobs/6569635,,
Yext,6586179,Software Engineer,"New York, NY",https://job-boards.greenhouse.io/yext/jobs/6586179,,
Yext,6539830,Tableau Data Analyst,"New York, NY",https://job-boards.greenhouse.io/yext/jobs/6539830,,
UpWork,6304566003,"Senior ML Infra Engineer, Machine Learning Infrastructure & Data",Remote,https://job-boards.greenhouse.io/upwork/jobs/6304566003,,
LendingTree,6088073,Cloud Database Engineer,"Charlotte, NC, United States",https://boards.greenhouse.io/lendingtree/jobs/6088073,,
LendingTree,6484602,Senior Data Engineer,"Charlotte, NC, United States",https://boards.greenhouse.io/lendingtree/jobs/6484602,,
LendingTree,6600094,Senior Software Engineer,"Denver, Colorado, United States",https://boards.greenhouse.io/lendingtree/jobs/6600094,,
LendingTree,6434341,"Senior Software Engineer, Cloud Engineering","Seattle, Washington, United States",https://boards.greenhouse.io/lendingtree/jobs/6434341,,
Discord,7704535002,Senior Software Engineer - Realtime Infrastructure,"San Francisco, CA or Remote (U.S.)",https://job-boards.greenhouse.io/discord/jobs/7704535002,,
Discord,7608832002,Senior Data Engineer,"San Francisco, CA or Remote (U.S.)",https://job-boards.greenhouse.io/discord/jobs/7608832002,,
Discord,7807641002,"Senior Software Engineer, Machine Learning (Ads)","San Francisco, CA or Remote (U.S.)",https://job-boards.greenhouse.io/discord/jobs/7807641002,,
Discord,7801531002,"Senior Software Engineer, Partner Engineering","San Francisco, CA or Remote (U.S.)",https://job-boards.greenhouse.io/discord/jobs/7801531002,,
Discord,7801730002,"Senior Software Engineer, Ads","San Francisco, CA or Remote (U.S.)",https://job-boards.greenhouse.io/discord/jobs/7801730002,,
Discord,7808014002,"Senior Software Engineer, Ads Infrastructure","San Francisco, CA or Remote (U.S.)",https://job-boards.greenhouse.io/discord/jobs/7808014002,,
Discord,7737847002,"Senior Software Engineer, Consumer Revenue","San Francisco, CA or Remote (U.S.)",https://job-boards.greenhouse.io/discord/jobs/7737847002,,
Discord,7823728002,Senior Software Engineer - Core Product,"San Francisco, CA or Remote (U.S.)",https://job-boards.greenhouse.io/discord/jobs/7823728002,,
SquareSpace,6429857,Senior Software Engineer - Java,New York City,http://www.squarespace.com/about/careers?gh_jid=6429857,,
SquareSpace,6597857,"Senior Platform Engineer, Acuity Scheduling",New York City,http://www.squarespace.com/about/careers?gh_jid=6597857,,
SquareSpace,6547367,"Senior Site Reliability Engineer, Databases",New York City,http://www.squarespace.com/about/careers?gh_jid=6547367,,
SquareSpace,6547368,"Senior Software Engineer, Databases",New York City,http://www.squarespace.com/about/careers?gh_jid=6547368,,
SquareSpace,6598933,"Analytics Engineer, Analytics Enablement",New York City,http://www.squarespace.com/about/careers?gh_jid=6598933,,
SquareSpace,6423307,Senior Data Engineer - Platform Engineering,New York City,http://www.squarespace.com/about/careers?gh_jid=6423307,,
SquareSpace,6550141,"Senior Software Engineer, Data Platform",New York City,http://www.squarespace.com/about/careers?gh_jid=6550141,,
NextDoor,6531239,Senior Analytics Engineer,"San Francisco, CA",https://about.nextdoor.com/careers-list/?gh_jid=6531239,,
NextDoor,6005888,Machine Learning Engineer - Ads,"San Francisco, CA",https://about.nextdoor.com/careers-list/?gh_jid=6005888,,
NextDoor,5584158,Machine Learning Engineer - Product,"San Francisco, CA",https://about.nextdoor.com/careers-list/?gh_jid=5584158,,
NextDoor,2080930,Senior Software Engineer - Backend,"San Francisco, CA",https://about.nextdoor.com/careers-list/?gh_jid=2080930,,
NextDoor,4980947,Senior Software Engineer - Backend,"New York, NYC",https://about.nextdoor.com/careers-list/?gh_jid=4980947,,
NextDoor,5758503,"Senior Software Engineer - Backend, Core Services","San Francisco, CA",https://about.nextdoor.com/careers-list/?gh_jid=5758503,,
NextDoor,6611630,Software Engineer - Backend,"San Francisco, CA",https://about.nextdoor.com/careers-list/?gh_jid=6611630,,
NextDoor,6611635,Software Engineer - Backend,"New York, NYC",https://about.nextdoor.com/careers-list/?gh_jid=6611635,,
AirTable,7468470002,Data Engineer,"San Francisco, CA; Los Angeles, CA; Austin, TX; New York, NY",https://job-boards.greenhouse.io/airtable/jobs/7468470002,,
AirTable,7845293002,"Software Engineer, Infrastructure (2-8 YOE)New","San Francisco, CA; New York, NY",https://job-boards.greenhouse.io/airtable/jobs/7845293002,,
AirTable,7812761002,"Software Engineer, New Grad (2025)New","San Francisco, CA; New York, NY",https://job-boards.greenhouse.io/airtable/jobs/7812761002,,
AirTable,7845287002,"Software Engineer, Product BackendNew","San Francisco, CA",https://job-boards.greenhouse.io/airtable/jobs/7845287002,,
AirTable,7845265002,"Software Engineer, Product FullstackNew","San Francisco, CA; New York, NY",https://job-boards.greenhouse.io/airtable/jobs/7845265002,,
AirTable,7805607002,"Software Engineer, Traffic Engineering (8+ YOE)","San Francisco, CA",https://job-boards.greenhouse.io/airtable/jobs/7805607002,,
AirTable,7737305002,Senior Integration Engineer,Remote,https://job-boards.greenhouse.io/airtable/jobs/7737305002,,
Handshake,6422714,Senior Analytics Engineer,"San Francisco, CA (hybrid)",https://joinhandshake.com/careers/job?gh_jid=6422714,,
Handshake,6456352,"Senior Software Engineer, Brand","San Francisco, CA (hybrid)",https://joinhandshake.com/careers/job?gh_jid=6456352,,
Handshake,6551906,"Senior Software Engineer, Content and Community","San Francisco, CA (Hybrid)",https://joinhandshake.com/careers/job?gh_jid=6551906,,
Handshake,6588902,"Senior Software Engineer, Education Partnerships","San Francisco, CA (hybrid)",https://joinhandshake.com/careers/job?gh_jid=6588902,,
Handshake,6322202,"Senior Software Engineer, Employer Product","San Francisco, CA (hybrid)",https://joinhandshake.com/careers/job?gh_jid=6322202,,
Handshake,6455407,"Senior Software Engineer, Handshake Plus - Monetization","San Francisco, CA (hybrid)",https://joinhandshake.com/careers/job?gh_jid=6455407,,
Handshake,6456353,"Senior Software Engineer, Promotions","San Francisco, CA (hybrid)",https://joinhandshake.com/careers/job?gh_jid=6456353,,
Handshake,6601753,"Sr. Software Engineer, AI Products","San Francisco, CA",https://joinhandshake.com/careers/job?gh_jid=6601753,,
Cerebras Systems,6053531003,Full-Stack Software Engineer - Cerebras AI Cloud,Sunnyvale CA or Toronto Canada,https://www.cerebras.ai/careers/?gh_jid=6053531003,,
Cerebras Systems,6053533003,Platform Software Engineer - Cerebras AI Cloud,Sunnyvale CA or Toronto Canada,https://www.cerebras.ai/careers/?gh_jid=6053533003,,
Cerebras Systems,5913347003,AI Compute Infrastructure Engineer,Sunnyvale CA or Toronto Canada,https://www.cerebras.ai/careers/?gh_jid=5913347003,,
Cerebras Systems,5971076003,AI Infrastructure Test Engineer,"Sunnyvale, CA",https://www.cerebras.ai/careers/?gh_jid=5971076003,,
Cerebras Systems,6222198003,Cluster Deployment Operations Engineer,Sunnyvale CA or Toronto Canada,https://www.cerebras.ai/careers/?gh_jid=6222198003,,
Cerebras Systems,5903930003,Distributed Software Engineer,Sunnyvale CA or Toronto Canada,https://www.cerebras.ai/careers/?gh_jid=5903930003,,
Cerebras Systems,5839766003,Performance Engineer,"Sunnyvale, CA",https://www.cerebras.ai/careers/?gh_jid=5839766003,,
Cerebras Systems,6089088003,Senior ML Integration and Ops Engineer,Sunnyvale CA or Toronto Canada,https://www.cerebras.ai/careers/?gh_jid=6089088003,,
Cerebras Systems,6319004003,System Software Engineer,"Sunnyvale, CA",https://www.cerebras.ai/careers/?gh_jid=6319004003,,
Cerebras Systems,6232980003,"Kernel Engineer, New Grad","Sunnyvale, CA",https://www.cerebras.ai/careers/?gh_jid=6232980003,,
Render,4518759005,"Senior Software Engineer, Infrastructure",San Francisco or Remote (USA),https://job-boards.greenhouse.io/render/jobs/4518759005,,
Render,4500903005,"Senior Software Engineer, Product",San Francisco or Remote (USA),https://job-boards.greenhouse.io/render/jobs/4500903005,,
CoreWeave,4419444006,"Senior Data Engineer, Analytics","Livingston, NJ / New York, NY / Sunnyvale, CA / Bellevue, WA",https://job-boards.greenhouse.io/coreweave/jobs/4419444006,,
CoreWeave,4326628006,Cloud Support Engineer,"New York, NY /  Livingston, NJ / Sunnyvale, CA / Bellevue, WA",https://job-boards.greenhouse.io/coreweave/jobs/4326628006,,
CoreWeave,4406105006,"Engineer, Fleet Monitoring & Analysis","Livingston, NJ / New York City, NY/ Sunnyvale, CA/ Bellevue, WA",https://job-boards.greenhouse.io/coreweave/jobs/4406105006,,
CoreWeave,4433555006,"Operations Engineer, HPC Network","Livingston, NJ / New York, NY / Sunnyvale, CA / Bellevue, WA / Richmond, VA",https://job-boards.greenhouse.io/coreweave/jobs/4433555006,,
CoreWeave,4418070006,"Senior Backend Engineer, Cloud Platform","Livingston, NJ / New York, NY / Sunnyvale, CA / Bellevue, WA",https://job-boards.greenhouse.io/coreweave/jobs/4418070006,,
CoreWeave,4425012006,"Senior Software Engineer, Cloud Platform API","Livingston, NJ / New York, NY / Sunnyvale, CA / Bellevue, WA",https://job-boards.greenhouse.io/coreweave/jobs/4425012006,,
CoreWeave,4391030006,"Senior Software Engineer, Cloud Platform Billing","New York, NY",https://job-boards.greenhouse.io/coreweave/jobs/4391030006,,
CoreWeave,4373382006,"Senior Software Engineer, HPC Network","Livingston, NJ / New York, NY/ Sunnyvale, CA/ Bellevue, WA",https://job-boards.greenhouse.io/coreweave/jobs/4373382006,,
CoreWeave,4381385006,"Senior Software Engineer, Network Datapath","Livingston, NJ / New York, NY/ Sunnyvale, CA/ Bellevue, WA",https://job-boards.greenhouse.io/coreweave/jobs/4381385006,,
CoreWeave,4396057006,"Senior Systems Engineer, OS Automation","Livingston, NJ / New York City, NY/ Sunnyvale, CA/ Bellevue, WA",https://job-boards.greenhouse.io/coreweave/jobs/4396057006,,
CoreWeave,4418040006,"Software Engineer, Infrastructure Ops","New York, NY",https://job-boards.greenhouse.io/coreweave/jobs/4418040006,,
CoreWeave,4439731006,Senior Software EngineerNew,"New York, NY / Bellevue, WA / Sunnyvale, CA",https://job-boards.greenhouse.io/coreweave/jobs/4439731006,,
CoreWeave,4441185006,"Sr. Software Engineer, Data InfrastructureNew","Sunnyvale, CA / Bellevue, WA / New York, NY / Livingston, NJ",https://job-boards.greenhouse.io/coreweave/jobs/4441185006,,
Twilio,6534925,Demo Platform Engineer,Remote - US,https://job-boards.greenhouse.io/twilio/jobs/6534925,,
PureStorage,6385215,"Fullstack Engineer, DX","Santa Clara, CA, USA",https://boards.greenhouse.io/purestorage/jobs/6385215,,
PureStorage,6378101,Senior Linux Software Engineer - Systems Engineering,"Santa Clara, California, United States",https://boards.greenhouse.io/purestorage/jobs/6378101,,
PureStorage,6368681,"Senior Performance Software Engineer, FlashArray","Santa Clara, CA",https://boards.greenhouse.io/purestorage/jobs/6368681,,
PureStorage,6394751,"Senior Software Engineer, Fleet Reliability","Santa Clara, CA, USA",https://boards.greenhouse.io/purestorage/jobs/6394751,,
PureStorage,6233431,"Senior Software Engineer, Hyperscale Escalations","Santa Clara, CA",https://boards.greenhouse.io/purestorage/jobs/6233431,,
PureStorage,6583304,"Senior Software Engineer, Hyperscale Line of Business","Santa Clara, CA",https://boards.greenhouse.io/purestorage/jobs/6583304,,
PureStorage,6606502,"Software Engineer, AI Infrastructure","Santa Clara, CA, United States",https://boards.greenhouse.io/purestorage/jobs/6606502,,
PureStorage,6600043,"Software Engineer, FlashArray","Santa Clara, CA",https://boards.greenhouse.io/purestorage/jobs/6600043,,
PureStorage,6350503,"Sr. Software Engineer, Test Infrastructure, Hyperscale Line of Business","Santa Clara, CA",https://boards.greenhouse.io/purestorage/jobs/6350503,,
PureStorage,6271124,Software Engineer Grad,"Santa Clara, CA, USA",https://boards.greenhouse.io/purestorage/jobs/6271124,,
DigitalOcean,6509870,"Analytics Engineer, Growth Acquisition",Austin,https://www.digitalocean.com/careers/position/apply/?gh_jid=6509870,,
DigitalOcean,6509867,"Analytics Engineer, Growth Acquisition",San Francisco,https://www.digitalocean.com/careers/position/apply/?gh_jid=6509867,,
DigitalOcean,6509868,"Analytics Engineer, Growth Acquisition",Seattle,https://www.digitalocean.com/careers/position/apply/?gh_jid=6509868,,
DigitalOcean,6509871,"Analytics Engineer, Growth Acquisition",Boston,https://www.digitalocean.com/careers/position/apply/?gh_jid=6509871,,
DigitalOcean,6509869,"Analytics Engineer, Growth Acquisition",Denver,https://www.digitalocean.com/careers/position/apply/?gh_jid=6509869,,
DigitalOcean,6583160,Senior Software Engineer I,Austin,https://www.digitalocean.com/careers/position/apply/?gh_jid=6583160,,
DigitalOcean,6583164,Senior Software Engineer I,San Francisco,https://www.digitalocean.com/careers/position/apply/?gh_jid=6583164,,
DigitalOcean,6583163,Senior Software Engineer I,Seattle,https://www.digitalocean.com/careers/position/apply/?gh_jid=6583163,,
DigitalOcean,6583161,Senior Software Engineer I,Boston,https://www.digitalocean.com/careers/position/apply/?gh_jid=6583161,,
DigitalOcean,6583162,Senior Software Engineer I,Denver,https://www.digitalocean.com/careers/position/apply/?gh_jid=6583162,,
DigitalOcean,6512385,Senior Engineer II - Availability,Boston,https://www.digitalocean.com/careers/position/apply/?gh_jid=6512385,,
DigitalOcean,6512383,Senior Engineer II - Availability,Denver,https://www.digitalocean.com/careers/position/apply/?gh_jid=6512383,,
DigitalOcean,6512382,Senior Engineer II - Availability,Seattle,https://www.digitalocean.com/careers/position/apply/?gh_jid=6512382,,
DigitalOcean,6512384,Senior Engineer II - Availability,Austin,https://www.digitalocean.com/careers/position/apply/?gh_jid=6512384,,
DigitalOcean,6512381,Senior Engineer II - Availability,San Francisco,https://www.digitalocean.com/careers/position/apply/?gh_jid=6512381,,
DigitalOcean,6365679,Senior Software Engineer II (Droplet Team),Seattle,https://www.digitalocean.com/careers/position/apply/?gh_jid=6365679,,
DigitalOcean,6365677,Senior Software Engineer II (Droplet Team),Boston,https://www.digitalocean.com/careers/position/apply/?gh_jid=6365677,,
DigitalOcean,6364602,Senior Software Engineer II (Droplet Team),Austin,https://www.digitalocean.com/careers/position/apply/?gh_jid=6364602,,
DigitalOcean,6365684,Senior Software Engineer II (Droplet Team),San Francisco,https://www.digitalocean.com/careers/position/apply/?gh_jid=6365684,,
DigitalOcean,6365678,Senior Software Engineer II (Droplet Team),Denver,https://www.digitalocean.com/careers/position/apply/?gh_jid=6365678,,
DigitalOcean,6486387,Senior Software Engineer II (AI Infrastructure),Austin,https://www.digitalocean.com/careers/position/apply/?gh_jid=6486387,,
DigitalOcean,6486388,Senior Software Engineer II (AI Infrastructure),Boston,https://www.digitalocean.com/careers/position/apply/?gh_jid=6486388,,
DigitalOcean,6486385,Senior Software Engineer II (AI Infrastructure),Seattle,https://www.digitalocean.com/careers/position/apply/?gh_jid=6486385,,
DigitalOcean,6486386,Senior Software Engineer II (AI Infrastructure),Denver,https://www.digitalocean.com/careers/position/apply/?gh_jid=6486386,,
DigitalOcean,6486384,Senior Software Engineer II (AI Infrastructure),San Francisco,https://www.digitalocean.com/careers/position/apply/?gh_jid=6486384,,
DigitalOcean,6517375,Senior Engineer I,Boston,https://www.digitalocean.com/careers/position/apply/?gh_jid=6517375,,
DigitalOcean,6506731,Senior Engineer I,San Francisco,https://www.digitalocean.com/careers/position/apply/?gh_jid=6506731,,
DigitalOcean,6517363,Senior Engineer I,Seattle,https://www.digitalocean.com/careers/position/apply/?gh_jid=6517363,,
DigitalOcean,6517367,Senior Engineer I,Austin,https://www.digitalocean.com/careers/position/apply/?gh_jid=6517367,,
DigitalOcean,6517366,Senior Engineer I,Denver,https://www.digitalocean.com/careers/position/apply/?gh_jid=6517366,,
DigitalOcean,6330835,Senior Software Engineer II (Kubernetes),Austin,https://www.digitalocean.com/careers/position/apply/?gh_jid=6330835,,
DigitalOcean,6330806,Senior Software Engineer II (Kubernetes),Boston,https://www.digitalocean.com/careers/position/apply/?gh_jid=6330806,,
DigitalOcean,6337743,Senior Software Engineer (PaaS Insights),Austin,https://www.digitalocean.com/careers/position/apply/?gh_jid=6337743,,
DigitalOcean,6330427,Senior Software Engineer (PaaS Insights),San Francisco,https://www.digitalocean.com/careers/position/apply/?gh_jid=6330427,,
DigitalOcean,6337746,Senior Software Engineer (PaaS Insights),Denver,https://www.digitalocean.com/careers/position/apply/?gh_jid=6337746,,
DigitalOcean,6337744,Senior Software Engineer (PaaS Insights),Boston,https://www.digitalocean.com/careers/position/apply/?gh_jid=6337744,,
DigitalOcean,6337751,Senior Software Engineer (PaaS Insights),Seattle,https://www.digitalocean.com/careers/position/apply/?gh_jid=6337751,,
Otter AI,5512713003,Senior Production Engineer,"Mountain View, CA",https://otter.ai/job-detail?gh_jid=5512713003,,
Otter AI,5871635003,"Senior Software Engineer, Search Recommendation","Mountain View, CA",https://otter.ai/job-detail?gh_jid=5871635003,,
Otter AI,6271322003,"Senior Software Engineer, Security","Mountain View, CA",https://otter.ai/job-detail?gh_jid=6271322003,,
Notion,6350054003,AI Data Specialist (Contract)New,"San Francisco, California",https://job-boards.greenhouse.io/notion/jobs/6350054003?gh_src=Simplify,,
Notion,5595762003,"Software Engineer, AI Product","San Francisco, California; New York, New York;",https://job-boards.greenhouse.io/notion/jobs/5595762003?gh_src=Simplify,,
Notion,6326127003,"Software Engineer, Automations","New York, New York",https://job-boards.greenhouse.io/notion/jobs/6326127003?gh_src=Simplify,,
Notion,4750859003,"Software Engineer, Core Product","San Francisco, California",https://job-boards.greenhouse.io/notion/jobs/4750859003?gh_src=Simplify,,
Notion,4973980003,"Software Engineer, Core Product","New York, New York",https://job-boards.greenhouse.io/notion/jobs/4973980003?gh_src=Simplify,,
Notion,5953512003,"Software Engineer, Data Platform","San Francisco, California",https://job-boards.greenhouse.io/notion/jobs/5953512003?gh_src=Simplify,,
Notion,6336489003,"Software Engineer, Datastore","San Francisco, California; New York, New York;",https://job-boards.greenhouse.io/notion/jobs/6336489003?gh_src=Simplify,,
Notion,4992085003,"Software Engineer, Developer Experience","San Francisco, California",https://job-boards.greenhouse.io/notion/jobs/4992085003?gh_src=Simplify,,
Notion,6263317003,"Software Engineer, Experimentation Platform","San Francisco, California",https://job-boards.greenhouse.io/notion/jobs/6263317003?gh_src=Simplify,,
Notion,5498520003,"Software Engineer, Growth","San Francisco, California",https://job-boards.greenhouse.io/notion/jobs/5498520003?gh_src=Simplify,,
Notion,6336504003,"Software Engineer, Machine Learning","San Francisco, California; New York, New York;",https://job-boards.greenhouse.io/notion/jobs/6336504003?gh_src=Simplify,,
Notion,6217290003,"Software Engineer, Native Windows Development (Contract)","San Francisco, California",https://job-boards.greenhouse.io/notion/jobs/6217290003?gh_src=Simplify,,
Notion,5650399003,"Software Engineer, Search Infrastructure","New York, New York",https://job-boards.greenhouse.io/notion/jobs/5650399003?gh_src=Simplify,,
Notion,6328513003,"Software Engineer, Search Quality and Ranking","San Francisco, California; New York, New York;",https://job-boards.greenhouse.io/notion/jobs/6328513003?gh_src=Simplify,,
Notion,6260047003,"Software Engineer, Web","San Francisco, California; New York, New York;",https://job-boards.greenhouse.io/notion/jobs/6260047003?gh_src=Simplify,,
Notion,6347878003,"Software Engineer, Internal Tools","San Francisco, California; New York, New York;",https://job-boards.greenhouse.io/notion/jobs/6347878003?gh_src=Simplify,,
